Question,Option A,Option B,Option C,Option D
1. Which Use of English Paper Type is given  to,you?,A. Type A,B. Type B,C. Type C
"2. According to the writer, the exciting  thing",about Spaceship Earth is  that,A. has no instruction  manual,B. it is not difficult to  maintain,C. is peculiar to other  automobiles
3. The absence of instruction manual  in,Spaceship Earth  has,A. made the operation of the Spaceship  Earth,difficult,B. forced man to devise other means  of
"4. From the passage, it can be deduced  that",man,A. learns by experiment and  education,B. learns by chance and  accidentally,C. is incapable of solving all his  problems
5. The writer’s mood in the passage is that  of,A. non-committal,B. pessimism,C. optimism  D. frustration,PASSAGE II
"6. The expression, … stress is an issue","everybody can relate to experimentally, means",that,A. it is better understood when  experienced,B. its problem can be solved by  everybody
7. Which of the following is true according  to,the passage?,A. Stress is mostly caused by internal  factors,B. Stress can only be avoided during  relaxation,C. Stress is better handled by the  individual
"8. According to the passage, the major step  in",controlling stress  is,A. changing one’s attitude to  stressors,B. understanding the history of  disease,C. visiting family doctors for check -up and
9. The experts feel one can control one’s  stress,because,A. its causes are  understandable,B. it is not difficult to  control,C. external factors contribute less  stress
"10. From the passage, it can be deduced that",stress is A. hormonal disorder in the body  system,B. individually induced  problems,C. bodily reaction to internal  factors,D. bodily reaction to external  factors
"11. According to the writer, corruption  is",triggered off  by,A. unnecessary  affluence  B. selfish  interest,C. private  officials,D. public  officers
"12. From the passage, one of the",consequences of corruption is  that,A. large projects are  executed,B. it is beneficial to wealth people whole  stole,public  wealth
"13. Who, according to the writer  should",prevent  corruption?,A. Lawyers and  Police,B. Corrupt public  officers,C. The government
14. Which of the following is an indication  of,ethical standard of  governance?,A. Fundamental human  right,B. Socio -economic  instability,C. Democratic  governance
"15. The essence of fighting corruption,","according to the passage, is  to",A. send the corrupt to  yell,B. promote good  governance,C. punish corrupt  politicians
"26. Though Mr. Iro is a new chairman, he views",other members with jaundiced  eye.,A. He takes a rather forceful position on  dealing,with his  members,B. He takes an unfavourable  position
27. People are not interested in who  rules.  A. People are not ruled by the leaders  they,want,B. People are not concerned about who rules,them C. The rulers are not concerned about  the,people D. People who rule are not interested in
28. It was good to steer a middle course  in,whatever one  does.,A. It is always good to get midway in  anything,one does,B. It is always good to act with  moderation
29. The witness said he had no axe to  grind,with his  brothers,A. He had no hatred for the  brothers,B. He had no axe and therefore stole  the,matchet
30. The footballers moved with their  tails,between their  legs.,A. they moved happily because they won the,match  B. they were unhappy because they had,been despised by their opponents
31. The headmaster managed to talk his  way,out of having to give a  speech,A. he delivered a speech despite the  difficulty,B. he managed to give a speech out of  a,difficult  situation
"32. As regards the matter, we have crossed the",rubicon,A. we are completely at a  loss,B. we are irrevocably  committed,C. we are already  qualified
33. Uche is full of  himself,A. He is conceited,B. He is complete  C. He is a rich  man,D. He is careful.  39. His father surmounted the myriad of,obstacles on his  way
"34. As debutants in that tournament, the Super",Eagles were up against their first opponents by,three goals to  nill,A. The Super Eagles were playing in the,"tournament for the first  time, but they  won"
35. The woman was mournful as her  husband,was found dead  drunk,A. She was sad because of her husband was,absolutely  drunk,B. She was apprehensive that her husband
36. I am optimistic about the interview though,it was a mind-bending  exercise,A. An enervating,B. A debilitating,C. A difficult
37. The trader was amused by the cut-throat,rush for the goods,A. Worrisome,B. Strange,C. Lacklustre
38. The teacher said that Ali’s essay was full  of,many redundant  details,A. Unexplained,B. Strange,C. Necessary
40. Her ingenuous smile drew our  attention,A. Witty,B. Naïve,C. Clever,D. Arrogant
41. Ndeni gave a flawless speech at the  party,A. A wonderful,B. A careless,C. An interesting,D. An imperfect
"42. Beneath Ado’s guff exterior, he’s really  very",kind-hearted,A. Nice,B. Harsh,C. Rough
43. The captain says sports is being  debased,by commercial sponsorship,A. Localized,B. Perverted,C. Elevated
44. Governing a country is not always  as,straightforward as people sometimes imagine,A. Complicated,B. Troublesome,C. Untoward
45. The crowd was very receptive to the,speaker’s  suggestion,A. Disobedient,B. Repellent,C. Alert
46. There was a general acquiescence on the,new drug  law,A. Resistance,B. Discrepancy,C. Compromise
48. The report of the committee contained  a,plethora of details,A. Shortage,B. Simplicity,C. Multitude
49. The weather was still very heavy and  sultry,A. Wintry and shadowy B. Cold and friendly,C. Cloudy and thundery D. Hot and,uncomfortable,
50. Ada gave her husband a look that made,words superfluous A. Redundant B. Spurious C.,Unnecessary D.  Scanty,"In each of questions 51 to 65, choose the",option nearest in meaning to the word or
51. A political Impasse does not offer the  best,opportunity for merrymaking A. manifesto B.,party C. gridlock D.  rally,,
52. We were all enthusiastic as we awaited  the,result of the election A. bemused B. agitated,C.elated  D.nervous,,
53. The uniform makes the guards look  absurd,A. dirty B. smart C. sensible D. ridiculous,,,
54. The law is often tardy in reacting to,changing attitude A. quick B. slow C.  exclusive,D. generous,,
55. Isa and llu ate sumptuous meal on their,brother’s wedding day A. expensive B.  foreign,C. insipid D. cheap,,
56. Kaltume crouched over the paper on her,desk A. wrote on B. stood on C. walked over  D.,bent over,,
57. The panacea for a country’s economic mess,lies in systematic planning and hardwork A.,cure B. hope C. foresight D.  trouble  58. Thousands of workers have been victims of,retrenchment since the military came back to,power A. Unemployment B. Trench mentality  C.
59. The principal gave his speech offhand at,the sports meeting A. calmly B. beautifully C.,unconcerned D.  unprepared,,
60. Jankoli was dressed  in an old assortment of,clothes A. Avalanche B. Homogeneity C.,Sameness D.  Melange,,
61. The girl’s father was astounded to see her,appear from the shrine A. collected B.,Overwhelmed C. embarrassed D.  Astonished,,
62. The director’s remark was extremely,apposite to the issue being discussed A.,Appropriate B. Inconsequential C. Emphatic  D.,Adequate,
63. Her reputation is without a blemish  A.,Struggle B. Problem C. Fault D.  Blessing,,,
64. Ugo is eligible for the post of secretary A.,Nominated B. Invited C. Qualified D.  Intelligent,,,
65. This is an abridged version of No Longer at,Ease A. An outdated B. An enlarged C. An,illustrated D. A  shortened,"In each of question 66 to 85, choose the option",that best completes the gap(s)
"66. Lemoti……… as a painter, but also as a",sculptor A. is a gifted only not B. is only  not,gifted C. is gifted not only D. is only  gifted,,
67. He can recall the important dates in  the,"nation’s history, it is interesting to listen as he",rattles ……… A. off B. over C. up D. out,,
68. The boy told  his mother  ........  A. that  was,the girl he told her about B. that was the girl I,told you about her C. that was the girl I told,her about D. that is the girl he told her about,
69. Last Monday his father  asked  me ....... A. if,I had come some days before B. if I had come,the day before C. did you come yesterday D.,"had I come yesterday  70. His wife was badly injured in the fracas,  but",I think she will pull ……. A. up B.  over
71. A wide range  of options  ....... made,available t o students in the final year last year,A. is B. were C. are D.  was,,
72. One of the  women  who ........  in the,premises  ...... been ordered to quit  A.,sells/have B. sell/has C. sell/have D. sells/has,,
73. The new trade agreement should,facilitate  ....... A. more economic rapid  growth,B. economic more rapid growth C. rapid,economic more growth D. more rapid  economic,growth
74. The principal said that he was  pleased………,my effort. A. on B. of C. with D. about,,,
75. Paper  is made  ..... Wood pulp A. on B. of  C.,from D. with,,,
"76. Long after everyone  ...... the hall, obi  still",sat inside. A. left B. is leaving C. has left D.,had left,,
77. They are the ...... dresses A. babys’ B.  baby,C. babies D.  babies’,,,
78. The politician  was sent ..... Exile A. onto  B.,into C. on D. to,,,
"79. When we looked  up, we ...... the plane",some miles away A. site B. cited  C. sited D.,sighted,,
80. Vital….. is  still spread  .... word of mouth  in,most villages in Africa A. information/from B.,information/with C. information/by,D.information/through,
81. Western education is one  of the .... of,colonial rule. A. legacies B. evidence  C.,remnants  D. inheritance,,
82. The federal government has……  child,trafficking A. postulated B. projected C.,prescribed D.  proscribed,,
83. The man was happy that his son  confessed,his guilt and so the others were……  A. Implicated B. accused C. punished D.,exonerated,,
"84. Based on the facts before me, I have no",alternative…… to hold you responsible A.  only,B. as C. than D. but,,
85. Many people would always find reasons,to……the law A. arrogate B. debase C.,circumvent D.  circumspect,"In each of questions 86 to 88, choose the",option that has the same Vowel sound as
86. Coup A. whup B. hoot C. couple D.  scout,,,,
87. Indict A. bright B. fish C. pick D.  brick,,,,
88. Roared A. towered B. coast C. brought  D.,rod,"In each of the questions 89 to 91, choo se",the option that has the same consonant,sound as the one represented by letter(s)
89. Sheath A. bathe B. length C. months  D.,paths,,,
90. High A. what B. honest C. who D.  vehicle,,,,
91. Of course A. plough B. dough C. over  D.,orphan,"In each of question 92 to 94, choose the option",that rhymes with the given word.,
92. Boys A. stays B. moist C. noise D.  elbows,,,,
93. Shine A. clean B. fine C. machine D.  lain,,,,
94. Seer A. snare B. spare C. spear D.  square,"In each of question 95 to 97, choose the",most appropriate stress pattern from the,options. The stressed syllables are written,in capital letter(s)
95. Political A. poliTIcal B. PoLItical C.  POlitical,D. political  96. Satisfactory A. saTISfactory B.  satisFACtory,C. SATisfactory D. satisfactory,,
97. captivity A. captiVIty B. CAPtivity  C.,capTIvity D.  CAPtiviTY,"In each of question 98 to 100, the word in",capital letters has the emphatic. Choose,the option to which the given sentence
98. EMEKA finished his home work  yesterday,A. Was Emeka helped to do his  homework?,B. Did Emeka do his  homework?  C. When did Emeka finish his  homework?,D. Who finished his home work  yesterday?,
99. Taiwo SAILED to  London,A. Did Taiwo fly to  London?,B. Did Taiwo sail to  Brazil?,C. Did Taiwo sail to  London?,D. Where did Taiwo sail  to?
100.  My bag is made of  LEATHER,A. Whose bag is made of  leather,B. Is my bag made of  polythene?,C. Is Abu’s bag made of  leather?,D. Is my bag made of  leather?  ANSWER KEYS
1. A,,,,
2. D,,,,
3. C,,,,
4. D,,,,
5. A,,,,
6. A,,,,
7. B,,,,
8. A,,,,
9. D,,,,
10. B,,,,
11. A,,,,
12. C,,,,
13. C,,,,
14. C,,,,
15. B,,,,
16. B,,,,
17. C,,,,
18. A,,,,
19. B,,,,
20. B,,,,
21. D,,,,
22. A,,,,
23. D,,,,
24. C,,,,
25. D,,,,
26. B,,,,
27. B,,,,
28. B,,,,
29. A,,,,
30. C 31. C,,,,
32. B,,,,
33. A,,,,
34. A,,,,
35. C,,,,
36. D,,,,
37. C,,,,
38. C,,,,
39. B,,,,
40. D,,,,
41. D,,,,
42. A,,,,
43. C,,,,
44. A,,,,
45. D,,,,
46. A,,,,
47. A,,,,
48. A,,,,
49. B,,,,
50. D,,,,
51. C,,,,
52. B,,,,
53. D,,,,
54. B,,,,
55. A,,,,
56. D,,,,
57. A,,,,
58. A,,,,
59. A,,,,
60. D 61. D,,,,
62. A,,,,
63. C,,,,
64. C,,,,
65. D,,,,
66. C,,,,
67. A,,,,
68. A,,,,
69. B,,,,
70. C,,,,
71. D,,,,
72. D,,,,
73. D,,,,
74. C,,,,
75. C,,,,
76. C,,,,
77. D,,,,
78. C,,,,
79. D,,,,
80. C,,,,
81. A,,,,
82. D,,,,
83. D,,,,
84. C,,,,
85. C,,,,
86. B,,,,
87. A,,,,
88. A,,,,
89. B,,,,
90. C 91. C,,,,
92. C,,,,
93. B,,,,
94. B,,,,
95. B,,,,
96. B,,,,
97. C,,,,
98. D,,,,
99. A,,,,
100.  B UTME 2011 USE OF ENGLISH QUESTIONS,COMPREHENSION: Read each passage,carefully and answer the questions that,follow it,PASSAGE I
1. Which question paper type of use of English,is giving to  you?,(a) Type A,(b) Type B,(c) Type C
"2. The writer’s posture, as conveyed in the",statement Electricity from living cells is no new,"idea, can be describe  as",(a) Ineffectual,(b) Contentious
3. Which of the following is true according to,the passage?,(a) Scientist felt that bio -cell would produce,very costly  energy,"(b) Biocell, at the beginning, derived  their"
4. The inventor of biocell justified the need  for,it by saying that  would,(a) develop ways for changing biocell into fuel,for use,(b) yield a source of energy without  much
"5. According to the passage, electricity  was",first discover  in,(a) heart and  brains,(b) muscles of  animals,(c) lightning
6. Which of the following represents  the,writer’s view in the passage?  (a) evil thought may come but there is virtue  in,keeping them  out,(b) evil thought will continue to sting us likes,vipers as long as there are enemies who cause
7. Which of the following statement represent,the view expressed by the writer in the first,paragraph?,(a) evil thought will eventually ruin the  evil,man
"8. From the argument in the second paragraph,",it can be concluded that evil thought control,the lives of people  who,(a) Are helpless because they fly out of  their,minds
9. the expression ‘Think of the devil and he  will,"appear  .... , as used in the passage  suggests",that,(a) likes the devil evil thoughts must not  reign,in our  hearts
"11. According to the writer, people lead and",motivate others because they want  to,(a) project individual contribution,(b)encourage selfless service,(c) make the world a  home
"12. According to the passage, balance must be",enthroned because it  is,(a) a critical interdependent  function,(b) an amazing help for  conscience,(c) a critical part of  fidelity  (d) serious way of ensuring  success.
"13. The word inclinations, as in the passage",means,(a) creeds,(b) tendencies,(c) inhibitions
14. Which of the following statements is  true,according to the  passage?,(a) greatness in life emerges when square pegs,are put in round  holes,(b) people do certain things in life because  they
"15. From the passage, it can be inferred  that",(a) People insincerely discuss facts that govern,their behaviour,(b) all managerial decisions are based  on,assumptions.
"26. If he were here, it could be more  fun",(a) He was expected but did not show up to,make the occasion  lively.,(b) There was no fun because he was not,present.  (c) He did not show up and so the  occasion
27. The secretary said that the postponement,of the meeting was due to unforeseen,circumstances.,(a) The date of the meeting was shifted as  a,result of unexpected  reasons.
28. The hunter has a bird’s -eye view of the,animals.,(a) He views the animal from a high  position.,(b) He views the bird’s  eye.,(c) He views the birds on the tree with  one
29. Even though Susan was the last in the,"examination, her result wasn’t too different",from what had been expected.,(a) Her result was  poor.,(b) Her result was a  disappointment.
30. Mrs. Adasu does all her work with more,"haste, less  speed.",(a) She accepts whatever she does with more,haste and  speed.,(b) She approaches whatever she does
32. The plan to upgrade the dispensary to  a,general hospital did not  materialize.,(a) The plan did not meet the  required,specifications.,(b) The arrangement did not work out  as
33. Okon’s company took a hit last  year.,(a) His company improved last  year.,(b) His company made a huge success  last,year.,(c) His company was badly damaged last  year.
"34. My eldest son, who is in Lagos is  studying",English.,(a) Only my son is in Lagos studying  English.,(b) My only son is in Lagos studying  English.,(c) One of my son is in Lagos studying  English
"35. If I went to the village, I would visit  the",king.,(a) If I go to the village I will visit the  king.,(b) I did not go to the village and I did not  visit,the king
37. Mrs. Asio wanted her sister to stop being  so,detached,(a) friendly,(b) careless,(c) indifferent
38. Lantana dwelt in a ruined cottage on the,hillside .,(a) sat,(b) worked,(c) slept
39. The mistake brought the show to  an,ignominious end,(a) a good,(b) a palatable,(c) a disgraceful
40. He compliments me on my way of doing,things.,(a) complements,(b) imitates,(c) disgusts
41. The girl is angry with her friend who  had,ensnared her into this relationship.,(a) tricked,(b) encouraged,(c) encouraged
42. Their new house was roofed  with,corrugated sheets.  (a) folded,(b) iron,(c) aluminium,(d) corrupted
43. The stockbroker said it was an astute  move,to sell the shares  then.,(a) a bad,(b) a shrewd,(c) an unprofitable
44. The principal described Oche as the  most,tactful person he had ever worked with.,(a) passionate,(b) discrete,(c) hard-working
45. The old woman is suffering from  dementia .,(a) lucidity,(b) senility,(c) insanity,(d) sagacity
46. Some drugs have deleterious effect on  a,child’s  development.,(a) debilitating,(b) helpful,(c) harmful
47. Fila has always described as  belligerent.,(a) beautiful,(b) attractive,(c) combative,(d) innocent
48. Laraba saw a forlorn little figure  sitting,outside the  class.,(a) wise and  intelligent,(b) lonely and  unhappy,(c) smart and  healthy
50. Her problem was exacerbated by the loss,of her  father.,(a) exaggerated,(b) solved,(c) aggravated
51. The warring communities were coerced into,negotiation a  settlement,(a) driven,(b) compelled,(c) persuaded
52. His father served as a mercenary in the,army,(a) preacher,(b) regular,(c) recruit
53. Jummai is cruel to her  husband,(a) harsh,(b) brutal,(c) passionate,(d) ferocious
54. The teacher who beat the student was,treated with  mercy,(a) disrespect,(b) contempt,(c) vengeance
56. Agoshito is a callow youth; said the  teacher,(a) An ignorant,(b) An experience,(c) An idle,(d) An organized
57. What you are asking me to do is  a,herculean task,(a) a strenuous,(b) a demanding,(c) a lovely
58. Nkechi was a novice when she was  first,employed,(a) manager,(b) clerk,(c) supervisor
"59. ‘I do not trust him ‘he said, in a  rare",moment of  candour,(a) reproach,(b) dishonesty,(c) frankness
60. Mrs Akunilo looks anaemic  today,(a) strange,(b) sick,(c) weak,(d) strong
61. It is inconceivable that the sun shone in  the,night,(a) credible,(b) unthinkable,(c) impossible  (d) contestable
62. She only gives a superficial impression of,warmth and  friendliness,(a) a strong,(b) a fake,(c) a deep
"63. As a prudent businessman, Adayi does not",leave anything to  chance,(a) A frugal,(b) Shrewd,(c) careless
64. His antipathy affected the growth of his,business,(a) hatred,(b) receptiveness,(c) loyalty
65. Okonkwo’s lethal right foot did the magic  in,the football  match,(a) Weak,(b) wicked,(c) fat
"66. When his car tyre ….. on the way, he  did",not know what to  do,(a) has burst,(b) had burst,(c) bursted
67. Lami’s father …. As a gardener when he,"was young, but now he is a  driver",(a) had been  working,(b) use to  work,(c) has worked  (d) used to  work
69. it is important that you clear the refuse  in,front of your house every  ……,(a) fourtnight,(b) fortnight,(c) fourthnight
70. The policemen became suspicious as  the,hoodlums…… in their  office,(a) ferreted,(b) ferreted,(c) ferreted  about
71. Suara needn’t come with us.  ?,(a) does she,(b) will she,(c) can she,(d) need she
72. Unoka…. the whole house to find  his,missing  wristwatch,(a) scourged,(b)scoured,(c) scored
73. Ife asked  me….,(a) what time it  was,(b) what is it by my  time,(c) what time is it,"(d) what time it  is 74. There are many ways to kill a rat, so  we"
75. Audu took these action purely…. His  own,career,(a) on furtherance  of,(b) in furtherance  of,(c) to furtherance  in
76. Here is Mr. Odumusu who teaches  English…,in our  school,(a) pronuntiation,(b) pronounciation,(c) pronunciation
77. instead of… she  lied,(a) pleading,(b) her to  plead,(c) her pleading,(d) plead
"78. Of the three girls, Uka is  the….",(a) so much  notorious,(b) notorious,(c) naught,(d) naughtiest
79. I wonder how he will … being absent  from,school for a long  time,(a) make  in,(b) make  up,(c) make  off
80. Please sit on  the…,(a) carier,(b) career  (c) carrier,(d) carrear,
81. I want to … his chance to acquaint you  with,the latest  development,(a) size,(b) seize,(c) sieze
82. Getting a well -paid job nowadays is  on…..,task,(a) utmost,(b) upbeat,(c) uphill
83. The secretary has no right to … my  affairs,(a) spy from,(b) meddle  in,(c) toy at,(d) complain into
84. Bola studiously avoided… the  question,(a) parrying,(b) answering,(c) projecting,(d) destroying
85. The school authority dismissed him for  ….,But I won’t tell you about it yet,(a) certain  reason,(b) a reason,(c) more reason
86. bubble,(a) guy,(b) bull,(c) bumper  (d) gurgle,
87. Weight,(a) whale,(b) while,(c) wheat,(d) writhe
88. Leach,(a) gear,(b) cedar,(c) cheer,(d) death
89. Mention,(a) that,(b) machine,(c) church,(d) test
90. Prestige,(a) bag,(b) badge,(c) reggae,(d) leisure
91. Knot,(a) cot,(b) keep,(c) norm,(d) king
92. Fuel,(a) cruel,(b) fool,(c) rule (d) field,93 match
94. Sheer,(a) Sheila,(b) care,(c) ear,(d) sherry
95. Termination,(a) terminaTION,(b) TERmination,(c) termiNAtion,(d) terMInation
96. meditative,(a) meDItative,(b) mediTAtive,(c) Meditative,(d) meditaTIVE
97. Sugestible,(a) suggeSTIble,(b) Suggestible,(c) suGGEstible,(d) suggestible
98. Uche LOVES Toyota  cars,(a) who loves Toyota  cars? (b) What brand of car does Uche  love?,(c) Does Uche hate Toyota  cars?,(d) Dose Uche love  bicycles?,
99. The POLICE arrested the  suspect,(a) Did the police placate the  suspect?,(b) Who arrested the  suspect?,(c) Who did the police  arrest?,(d) Did the police arrest the  suspect?
100.  Maiduguri is the CAPITAL of Borno  state,(a) Is Maiduguri the capital of plateau  state?,(b) Which state is Maiduguri the capital  of?,(c) Is Maiduguri a town in Borno  state?,(d) What is the capital of Borno  state?
1. D,,,,
2. B,,,,
3. B,,,,
4. B,,,,
5. D,,,,
6. A,,,,
7. C,,,,
8. D,,,,
9. C,,,,
10. B,,,,
11. A,,,,
12. D,,,,
13. B,,,,
14. D,,,,
15. C 16. B,,,,
17. C,,,,
18. A,,,,
19. A,,,,
20. B,,,,
21. C,,,,
22. B,,,,
23. B,,,,
24. D,,,,
25. C,,,,
26. C,,,,
27. A,,,,
28. A,,,,
29. C,,,,
30. D,,,,
31. C,,,,
32. B,,,,
33. B,,,,
34. C,,,,
35. C,,,,
36. C,,,,
37. C,,,,
38. D,,,,
39. C 40. D,,,,
41. A,,,,
42. B,,,,
43. B,,,,
44. B,,,,
45. B,,,,
46. C,,,,
47. C,,,,
48. B,,,,
49. B,,,,
50. C,,,,
51. C,,,,
52. B,,,,
53. C,,,,
54. C,,,,
55. C,,,,
56. B,,,,
57. D,,,,
58. D,,,,
59. B,,,,
60. D 61. A,,,,
62. C,,,,
63. C,,,,
64. B,,,,
65. A,,,,
66. D,,,,
67. D,,,,
68. A,,,,
69. B,,,,
70. C,,,,
71. A,,,,
72. B,,,,
73. A,,,,
74. B,,,,
75. B,,,,
76. C,,,,
77. A,,,,
78. D,,,,
79. B,,,,
80. C,,,,
81. B 82. C,,,,
83. B,,,,
84. B,,,,
85. A,,,,
86. C,,,,
87. C,,,,
88. A,,,,
89. B,,,,
90. D,,,,
91. C,,,,
92. A,,,,
93. B,,,,
94. C,,,,
95. C,,,,
96. C,,,,
97. C,,,,
98. C,,,,
99. B,,,,
100.  C UTME 2012 USE OF ENGLISH QUESTIONS,PAPER TYPE: YELLOW,COMPREHENSION : Read each passage,carefully and answer the questions that follow,it
1. Which Question Paper Type of Uses of,English as indicated above is given to  you?,(a) Type Green,(b) Type Purple,(c) Type Red
"2. From the passage, one can say that all",ethnic groups  have,(a) different traditional religions with  some,elements of  similarities,(b) completely different religious  practices
"3. According to the first paragraph,  Nigerians",believe that  the,(a) supernatural and natural world  co-exist,(b) natural and supernatural worlds  are,antagonistic
4. Traditional religion has waned in  Nigeria,owing to  the,(a) influence of Islam over Bori  spirits,(b) influence of Christianity over local  oracles,(c) decline of the interest in traditional  religions
5. Which factor is common to all  traditional,religions as mentioned in the  passage?,(a) Prayer  only.,(b) Divination.,(c) Sacrifice  only.
6. It can be inferred from the passage  that,(a) Nigerians have access to foreign books  only,(b) Nigerian undergraduates do not read,textbooks,(c) Nigerians read foreign and indigenous
7. The reason for lack of indigenous books in,"most renowned bookshops, according to the","passage,",(a) Nigerians prefer reading foreign  books,(b) foreign books attracts more  buyers
8. The expre ssion  that earned her,"the award is profoundly gripping, as used in","the passage, means that the  book",(a) is highly interesting and captures  attention,(b) is of high quality to the  writer
9. The university science lecturer gives his,reason for issuing handouts  as,(a) lack of teaching aids among  students,(b) low purchasing  power,(c) low quality of  books
10. A suitable title for this passage  is,(a) Nigerian Literary  Writers,(b) Nigerian Publishers and International,Awards,(c) Poor reading Culture in  Nigeria
11. The attitude of the writer of the  passage,can best be described  as,(a) objective,(b) critical,(c) non-committal
12. It can be deduced from the passage  that,(a) all experiences are best  teachers,(b) learning through pains in  better,(c) experience is superior to  wisdom,(d) wise thoughts are more desirable  than
13. Which of the following states is  true,according to the  passage?,(a) man must make mistake in order to  survive,(b) The totality of our actions should  be,decided by our  judgement
"14. According to the passage, we be disciplined",to,(a) make experience our best teacher in  reality,(b) learn from experience in  future,(c) chose the learning opportunity that  comes
15. The phrase a complete and wholehearted,"devotion, as used in the passage,  means  (a) acting without  doubt",(b) learning with  tension,(c) learning without  pains,(d) teaching with  ease
"25. Immediately following each gap,  four",options are provided. Choose the most,appropriate options for each gap. Each,question carries 3  marks,The medical definition of miscarriage is the
26. Hardworking students must not have a,finger in very pie at  school.,(a) Hardworking students must not have a  role,to play in most activities in the  school,(b) Only hardworking students must participate
27. The vice chancellor is riding the crest of the,last quarter of his  administration.,(a) The vice chancellor enjoys the,acknowledgement of the success of his,administration
28. She was absolved by the course from the,charge.,(a) She was convicted for the  charge,(b) She was blamed and charged to  court (c) Her case was resolved by the  court,(d) She was declared free from the  charge
29. The landlord is fond of throwing his  weight,about,(a) The landlord likes healthy  exercise,(b) The landlord is  overweight,(c) The landlord gives orders to  people
30. The company ought to have issued,warrants for one billion  shares.,(a) The company has issued one billion shares,(b)The management expected the company to,issue more than one billion shares
31. He needed not to have played in the,position of quarterback in the volley  ball.,(a) He participated in the game in his  unusual,position,(b) Nobody expected him to have participated  in
"32. I wouldn’t have responded to his rude  talk,",if I were  you.,"(a) The advice was taken by the respondent,  so",he did not respond to the  talk,(b) The adviser put himself in the  respondent’s
33. He could not speak out because he had  a,feet o f clay.,(a) His feet was  muddy,(b) He was weak and  cowardly  (c) He was clumsy and  lazy,(d) He was shy and  timid
34. The player wasted a golden opportunity,during the penalty  shoot -out.,(a) The player first the  bar,(b) The player did not score the  shot,(c) The player scored the shot that made them
"35. As far as Abu is concerned, Mero should be",given fifty naira at the  most,(a) All Abu is saying is that Mero probably,deserves more than fifty naira and not less,(a) All Abu is concerned with is that Mero
"36. As an idiot, the boy is weak in class.",(a) a deviant,(b) a dunce,(c) an expert,(d) a genius
37. We were shocked by the news that he had,lost the  money.,(a) astonished,(b) disconcerted,(c) unconcerned
38. The principal was advised to be flexible on,critical  issues.,(a) livid,(b) cautious  (c) evasive,(d) rigid
39. Bola always looks  sober .,(a) excited,(b) serious,(c) worried,(d) helpless
40. Dupe was promoted for her  efficiency .,(a) ability,(b) incompetence,(c) inconsistency,(d) rudeness
41. The management wants to consider,her reticent behaviour in due  course.,(a) disapproving,(b) disciplinarian,(c) contemplative
42. Election process often become  volatile .,(a) calm,(b) strange,(c) sudden,(d) latent
43. Oche entered the principal’s office in a,rather abrasive  manner.,(a) gentle,(b) rude,(c) lackadaisical
44. Otokpa is a member of the ad,hoc committee on stock  acquisition.,(a) improvised,(b) formal,(c) temporary
45. His gift to the poor was,always  infinitesimal .,(a) large,(b) small (c) supportive,(d) shameful
46. The economist concluded that several,factors have been adduced to explain the fall  in,the birth  rate.,(a) affirmed,(b) diffused
47. The presidential system is an antidote to,some political  ailments.,(a) an answer,(b) a reply,(c) an injury
48. Ola thought that her father was,very callous .,(a) parlous,(b) compassionate,(c) wicked
"49. He was very much respected, though he",had no temporal  power.,(a) spiritual,(b) mundane,(c) permanent
50. The way the worship was organized  was,rather  hit-and-miss.,(a) systematic,(b) hasty,(c) slow
51. Some men will continue to cause offences,until they are given a taste of their own,medicine . (a) placated,(b) revenged  on,(c) recompensed  for
52. Okibe was rusticated  for,his derogated remark about the principal,(a) complimentary,(b) unsavoury,(c) unwarranted
53. Justice is difficult to enforce because people,are unwilling to accept any loss of  sovereignty .,(a) autonomy,(b) position,(c) leadership
54. There are still virtuous women in our,society  today.,(a) clever,(b) upright,(c) devilish
55. The type of response is typical of a lazy,teacher.,(a) symptomatic,(b) characteristic,(c) universal
56. Akin is an inveterate gambler.,(a) a selfish and  self-centred,(b) an extremely unlucky but  popular,(c) an incurable but  fearful,(d) a long time and incorrigible
57. He was too petrified to give the closing,remarks at the  conference.,(a) frightened,(b) delighted,(c) agitated
59. Every human being is vulnerable to,communicable  diseases.,(a) liable,(b) lifted,(c) immuned
60. Mariam looks rather furtive to Shehu.,(a) intoxicated,(b) unfriendly,(c) sad,(d) sly
61. The student’s union leader delivered  his,speech  extempore .,(a) out-of-hand,(b) off the  cuff,(c) accurately
62. His story gave us an inkling of what he,passed through during the  strike.,(a) a possible idea,(b) a taste,(c) a summary
63. These policies have been expoused by the,ruling  party.,(a) condemned,(b) rejected,(c) supported
64. We must not foreclose reconciliation as the,purpose of his  trip.,(a) exclude,(b) consider  (c) underestimate,(d) forgo
65. Her finding exploded widely held beliefs,about  learning.,(a) challenged,(b) debunked,(c) projected
"66. He was both a writer and a politician, but",he was better   [A. as if B. like C. as D. to be],a singer,,
67. Vacancies in the company will be  notified,by,[A. bulletin B. publication C. publicity D. adverti,sement].,
"68. The driver was short of petrol,  so he",[A. glided B. coasted  C. wheeled  D. taxied,down the hills with the engine switched  off.,,
69. He started his career as  an,[A. auxillary B. auxilliary C. auxilary B. auxiliar,y] teacher.,,
"70. His many years of success in l egal practice,",[A. indeed B. but C. in spite of  it,all D. however] didn’t come without challenges.,,
71. One should be  careful  how  behaves in,"the public,  shouldn’t",[A. one/one B. he/he C. she/one D. one/he]?,,
72.   [A. First and formost B. First and,formust C. First and farmost D. First and,"foremost], a good leader must have two",characteristics.,
73. We visited  his house   [A. like B. for,like C. about D. for about] three  times.  74. She was  [A. at B. on C. by D. with]  the,verge of  tears,,
75. Everyone makes mistakes  occasionally;,nobody  is,[A. incorrigible B. Imperfect C. Infallible D. inde,structible].,
76. The woman would not part  with her,[A. discarded earthen black B. discarded black,earthen C. earthen discarded black D. black,earthen discarded]  pot.,
77. We stood up when the principal  came  in,[A. isn’t it B. didn’t we C. not so D. did  us]?,,,
78. The professor  of  medicine  has,[A. vetinary / unraveled B. vertrinary /,unravelled C. veterinary  /,unraveled D. veterinary / unravelled] the,mystery of flu.
79. Her mother brought  her some,[A. clothes B. yards C. cloth D.  clothing].,,,
80. Many workers  were,[A. laid down B. laid off C. laid out D. laid up],as a result of the textile closure.,,
81. The driver died in  the,[A. fatal B. brutal C. serious D. pathetic] road,accident.,,
82.   your parents  frown   [A. Because /,over B. Since / at C. Although /at D. As / upon],"our friendship, we shouldn’t see each other",anymore.,
"83. For more productivity, the company  is",focusing attention on the  possible,[A. synergy B. tapping C. alignment D. arrange,ment] of available recourses.,
84.   [A. After B. Much  as,"C. Since D. Though] she didn’t trust him, she","married him.  85. I wanted to know his political beliefs, so I",asked him  what,[A. this was B. these  are C. this is D. these
86. book A. cool B. cook C. fool D.  tool,,,,
87. village A. page B. pig C. made D.  came,,,,
88. patch A. starch B. fare C. mad D.  brave,"In each of question 89 to 91, choose the",option that has the same consonant,sound as the one represented by the,letter(s) underlined.
89. tangerine,(a) gear,(b) danger,(c) girl,(d) ignore
90. hair,(a) heir,(b) hour,(c) honest,(d) house
91. edition,(a) bash,(b) catch,(c) bastion,(d) rating
92. demarcation,(a) demarCAtion,(b) DEmarcation  (c) deMARcation,(d) demarcaTION,
93. impossible,(a) imPOSible,(b) IMposible,(c) imposSIble,(d) impossiBLE
94. imperialism,(a) IMperialism,(b) imPErialism,(c) impeRIAlism,(d) imperialiSM
95. (a). madam,(b) eighteen,(c) invent,(d) command,
96. (a) nineteen,(b) mother,(c) estate,(d) announce,
97. (a) commute,(b) import  (verb),(c) intend,(d) export  (noun),"In each of questions 98 to 100, the word"
98. The traditional chief NARRATED the story,to the  children.,(a) The children heard the story from  the,traditional  chief,(b) Who narrated the story to the  children?
99. The ACCOUNTANT paid the workers’  July,salary in  September.,(a) When were the workers  paid,(b) Did the cashier pay the workers’ salary  in,September
100.  The cat DEVOURED the rat.,(a) Did the rat devoured the  cat?,(b) What devoured the  rat?,(c) Did the cat pet the  rat?,(d) Is this the rat the cat  devoured?  ANSWER KEYS:
1. D 28. D 74. A,,,,
2. A 29. C 75. C,,,,
3. C 30. D 76. B,,,,
4. D 31. A 77. B,,,,
5. B 32. C 78. D,,,,
6. D 33. D 79. A,,,,
7. B 34. B 80. B,,,,
8. A 35. B 81. A,,,,
9. B 36. D 82. B,,,,
10. C 37. C 83. B,,,,
11. B 38. D 84. D,,,,
12. D 39. A 85. D,,,,
13. B 40. B 86. B,,,,
14. C 41. D 87. B,,,,
15. A 42. A 88. C,,,,
16. B 43. A 89. B,,,,
17. D 44. B 90. D,,,,
18. A 45. A 91. A,,,,
19. B 46. D 92. A,,,,
20. C 47. D 93. A,,,,
21. D 48. B 94. B,,,,
22. A 49. A 95. A,,,,
23. D 50. A 96. B,,,,
24. A 51. B 97. D,,,,
25. C 52. B 98. D,,,,
26. C 53. A 99. B,,,,
27. A 54. B 100. C,55. B,56. D,57. A,58. C
2. Which of the following is true according to,the passage?,"A. Anyone, with almost no training, can  run",pots on a  wheel.,B. Pots can be made quickly and  correctly.
"3. From the passage, how does a potter make",several pots of almost identical  size?,A. By having the knowledge of different  pots.,B. By weighing the lumps of  clay.,C. By having the right  tools
"4. The phrase trims off any waste clay, as used","in the passage, means  to---",A. cut away unnecessary  parts,B. force the clay to the  centre,C. divide the clay into two
"5. The word congenial, as used in the passage,",means ---,A. congested,B. precise,C. similar
6. Which of the following is true according to,the passage?,A. Music can enhance evaluation  performance,B. All listeners are music  makers,C. All artistes are objective in their  feelings.
"7. The expression…..stage and hall, as used in","the passage, means  the",A. artiste and his  music,B. artiste and the  audience,C. producer and the  director
"8. From the pas sage, it can be deduced  that",music Is  –,A. appreciated as the environment dictates  .,B. better appreciated in a  crowd,C. better appreciated when we are  happy
"9. According to the writer, live performances",provide a special excitement because they are,A stage -managed,B. interactive,C. error-free and  original
"10. According to the passage, music plays  a",vital role in human society  because --,A. music provides enjoyment and  relief,B. it is easy to appreciate  music,C. stage performance is the most  popular
"21. In their preparation for the masquerade,",David and others agreed to exercise extra,caution in their dealings with Samuel because,he would.,A. force them to dance with the  masquerade.
22. In the novel; Nwomiko was famous for  her,A. lack of fighting  spirit,B. spiritual  powers,C. political  struggles,D. lack of spiritual  values
"23. With remarkable agility, he mounted The",Fallen Goliath and went on to stuff his mouth,with earth.,Who was the Fallen Goliath in the excerpt,above?  A. Cromwell
24. If you have not beheld your chi in his stark,"nakedness, be prepared to do so as soon as",you set foot in that man’s house. From  the,"excerpt above, whose house was being referred",to?
"25. In the novel, the people of Umuchukwu",likened samuel  to,A. a swimmer,B. an ancestral  spirit,C. a chief  priest
26. Obu dashed out of the school building,because,A. he was given a prize by the  headmaster,B. his teacher wanted to ‘flog  him,C. he came top of Standard  I
"27. In the novel, Bright lived with Teacher",because,A. his father had gone on a long  journey,B. he was Teacher’s  nephew,C. his father was indebted to  Teacher
"28. According to the novel, Obu was good  at",A. Jokes,B. proverbs,C. cricket,D. games
29. Uke was conscripted into the  military,because  A. he wanted to travel to  Burma,B. he was a social  nuisance,C. he loved the British  soldiers,D. his grandfather was a military  man.
"30. In the novel, the ‘pad’ was a symbol  of",A. love,B. success,C. unity,D. failure
"31. It can be inferred from the novel that  Mr,",Eze was Terkura  Atsen’s,A. business  partner,B. uncle,C. role model
"32. From the novel, David thought Ifenne",should be involved in politics because he,wanted him to  ………,A. make a ‘name’ for  posterity,B. rig the election for  someone
33. The civil war created business opportunities,for people like Owiocho because,A. he became the supplier of all essential,commodities,B. the Ibos were conscripted into the  army
"34. My boy, your future is bright, you can be",anything you want to be  ….,The statement above was made because Ifenne,‘had,A. purchased his first  bus
35. The departure of Ibo competitors to  the,East had  favoured,A. Okoh’s  marriage,B. Mama Okoh’s  business,C. Torkwase at  Otukpo
36. The team’s poor performance at the,tournament plumb the depths of  horror.,A. The team’s performance took them to  the,next round.,B. The team’s performance was enjo yed by  all
37. Tolu and Chinedu live in each  other’s,pockets.,A. They are long -term business  partners,B. They steal from each  other.,C. They blackmail each  other.
"38. As the drama unfolded, Olatinuke was",advised,A. She was advised to wear her  shirt,B. She was advised to commit  herself,C. She was advised to stay  calm.
39. He is a clinging  child.,A. He is a handsome young  man,B. He is possessive,C. He likes to cling with his  sister,D. He is a  bully.
40. Zinana’s examination result was  not,unfavorable.,A. She failed her  examination  B. Her examination did not meet her,expectation.,C. She was successful in the  examination
41. You need to brush up on your  Spanish.,A. You need to study the history of  Spain,B. You need to improve your  skills,C. You need a brush from  Spain,D. You need to leam to play with a  Spainard.
42. Amaka Would pass for a beauty  queen,A. She would pass the drink to the queen who,is sitting next to  her.,B. She would be accepted by all as a beauty,queen.
"43. ‘I can’t wait to become a mother,’ The  new",bride declared,A. She sees motherhood as a  burden,B. She is excited about  motherhood,C. She is not keen on becoming a  mother
44. Usman needs to get his acts together if he,wants to pass the  examination.,A. He needs to put all points down in the,examination,B. He needs to organize  himself.
45. Ramatu ‘expressed her feelings in  no,uncertain  terms.,A. She expressed it dearly and  strongly.,B. She expressed it secretly and  courageously.,C. She expressed it quietly and  cautiously.
46. Chibuzor gave a curt nod and walked  away.,A. gentle.,B. rude.,C. polite.,D. shocking.
47. The girl took a cursory glance at the letter,and hid  it.,A. sententious.,B. concise.,C. brief.
48. The relationship between the couple has,been frosty .,A. fraudulent.,B. cordial.,C. amenable.
49. The Nobel laureate’s activity in the field  of,science is  heinous .,A. indelible.,B. laudable.,C. deplorable.
50. The accused was eventually  convicted.,A. initially.,B. consequently.,C. subsequently.,D. finally.
51. The plebs can be found in every society  of,the world.,A. masses,B. middle  class,C. elite
52. Everyone’s condition was  appalling . A. simple,B. cloudy,C. pleasant,D. complex,
53. The man’s mordant wit is apparent to the,entire  village.,A. Kind,B. scathing,C. caustic
54. The war against malaria keeps  waxing .,A. happening,B. decreasing,C. increasing,D. wavering
55. The soldiers tried in their dogged defence,of the  city.,A. indifferent,B. strong,C. miserable
56. Ayodeji is an ardent supporter of education,for the girl  child.,A. an optimistic,B. a cogent,C. a passionate
57. The scholars’ epitaph was demolished.,A. monument,B. embodiment,C. farmland,D. book
58. Mohammed does his work with so  much,ardour .,A. enthusiasm  B. discouragement,C. knowledge,D. indifference
59. The athlete is proud to be in the  vanguard,of sports development.,A. unforgettable  position,B. leading  position,C. destructive  position
60. Nwankwo was on the verge of signing  a,two-year contract with the  club.,A. shore,B. brink,C. summit
61. I am tired of your eternal argument A.,open,B. constant,C. strong,D. useless
63. The actress screamed when she noticed an,object behind  her,A. wailed,B. protested,C. waded  in
64. The exhibition was an eye opener to  all.,A. dispatch,B. display,C. style,"D. examination  65. As a journalist, Bala has always had a  nose"
66. The girl says she is averse... what others,admire.,A. for,B. from,C. to
67. Our teacher defined... in his  introductory,A. onomatopiea,B. onomatopoeia,C. onomatopoeia,D. onomatopea
68. The philanthropist devoted himself...  the,poor,A. to helping,B. in helping,C. by helping
69. Tinu likes apples... she does not like,oranges.,A. or,B. for,C. so
70. The students had a ... on Independence,Day.,A. march  past,B. match  pass,C. march  pass
72. The continuous rain has really ... the  soil.,A. melted  up,B. mopped  up,C. satiated,D. saturated
73. The police described the boy as  being...,hand,A. on by,B. up to,C. over at
74. It was very easy for the two political,parties to form a...  government,A. co-operative,B. colonial,C. collusion
75. All farmers were encouraged... carry out,fumigation on their  farms,A. to,B. from,C. in
76. There are lots of... in the  park.,A. luxury buses moving  fast,B. luxury buses fast  moving,C. moving fast luxury  buses,D. fast-moving luxury buses
77. Yours is to command... is to  obey,A. their,B. theirs,C. theirs',D. their's
78. Local governments are authorized to pass  -,--,A. bye's-law,B. bye-law,C. bye-laws
79. Umar: I have never visited the dentist.,Aliyu:,A. neither have l,B. I also  never,C. neither  myself
80. Usman would have won the  race....,A. if he had run faster  faster,B. although he ran  faster,C. only if he could run  fast,D. if he had run  faster
81. My father told me to take the money,from ... it,A. ever who  offers,B. whoever  offers,C. whomever  offers
82. Our teacher  defined  ... as the killing of  one's,mother.,A. patriach,B. matricide,C. matriarch
"83. If you  are confused  ... anything, phone  my",office.,A. about,B. for,C. of
84. We have a  family  mutiny .... our hands.,A. from B. of,C. on,D. for,
85. We should try to  help...,A. the less  fortunate,B. this less  fortunate,C. the less  fortunate,D. less fortunate.
86. glasier A. gleam B. flat C. feign D.  glass,,,,
87. laud A. lavatory B. loud C. lathe D.  core,,,,
88. coma A. colonel B. cogent C. come D.,comma,"In each of questions 89 to 91, choose the",option that has the same consonant sound,as the one represented by the letter(s)
89. lose A. mouse B. nurse C. noise D.  horse,,,,
90. guitar A. jam B. strange C. judge D.  rogue,,,,
91. loose A. sell B. fuse C. close D.  rouse,"In each of question 92 to 94, choose the",option that rhymes with the given word.,,
92. rite A. list B. wit C. wright D.  rim,,,,
93. Joys A. elbow B. po ts C. boys D.  stays,,,,
94. Call A. wall B. quail C. dull D.  slate,"In each of questions 95 to 97, choose the",most appropriate stress pattern from the,options. The stressed syllables are written,in capital letters
95. dedication A. dedicaTION B. deDlcation C.,dedication D.  Dedication  96. international A. interNAtional  B.,internaTIONal C. International D.,inTERnational,
97. information A. information B.  information,C. information D. Information,"In each of question 98 to 100, the word in",capital letters has the emphatic stress.,Choose the option to which the given
98. Adamu is leaving a CAR  behind.,A. What is Adamu leaving  behind?,B. Is Adamu driving the car in  front?,C. Who is leaving a car  behind?,D. Where is Adamu leaving a  car?
99. Lambusa TOOK OFF the  wig.,A. Who took off the  wig?,B. What did Lambusa  do?,C. Did Lambusa take off a  wig?,D. Did Lambusa take off the  ring?
100.  The bed is IN the  room,A. Is the bed in the  plaour?,B. Was the bed in the  room?,C. What is in the  room?,D. Where is the  bed? ANSWER KEYS:
1. C,,,,
2. B,,,,
3. B,,,,
4. A,,,,
5. D,,,,
6. A,,,,
7. B,,,,
8. A,,,,
9. B,,,,
10. A,,,,
11. B,,,,
12. C,,,,
13. D,,,,
14. B,,,,
15. D,,,,
16. B,,,,
17. A,,,,
18. C,,,,
19. C,,,,
20. C,,,,
21. B,,,,
22. B,,,,
23. D,,,,
24. B,,,,
25. B,,,,
26. B,,,,
27. A,,,,
28. C,,,,
29. B,,,,
30. A,,,,
31. C,,,,
32. A,,,,
33. C,,,,
34. D,,,,
35. B,,,,
36. C,,,,
37. D,,,,
38. C,,,,
39. B,,,,
40. C,,,,
41. B,,,,
42. B,,,,
43. B,,,,
44. B,,,,
45. C,,,,
46. A,,,,
47. D,,,,
48. B,,,,
49. B,,,,
50. A,,,,
51. C,,,,
52. C,,,,
53. D,,,,
54. D,,,,
55. A,,,,
56. C,,,,
57. A,,,,
58. A,,,,
59. B,,,,
60. B,,,,
61. C,,,,
62. D,,,,
63. A,,,,
64. B,,,,
65. C,,,,
66. C,,,,
67. C,,,,
68. A,,,,
69. D,,,,
70. A,,,,
71. D,,,,
72. D,,,,
73. D,,,,
74. D,,,,
75. A,,,,
76. D,,,,
77. B,,,,
78. C,,,,
79. A,,,,
80. D,,,,
81. B,,,,
82. B,,,,
83. A,,,,
84. C,,,,
85. D,,,,
86. D,,,,
87. B,,,,
88. B,,,,
89. C,,,,
90. D,,,,
91. A,,,,
92. C,,,,
93. C,,,,
94. A,,,,
95. C,,,,
96. A,,,,
97. A,,,,
98. A,,,,
99. B,,,,
100.  D UTME 2014 USE OF ENGLISH QUESTIONS,"Read passages I, and II carefully and",answer the questions that follow. Each,question carries 3 marks,PASSAGE I
2. Which of the following is true according to,the passage?,A. Change is  inimitable,B. Change is  inestimable,C. Change is  invaluable
3. It can be deduced from the passage that,political and social changes  are,A. Intertwined,B. Antithetical,C. Independent
4. A suitable title for this passage  is,A. Reasons for political  change,B. The struggle for political  power,C. Elements of  politics,D. Social change and political
"5. The word alteration, as used in  the","passage,  means",A. Multiplication,B. Recognition,C. Modification
6. It can be inferred from the passage that,snakes  are,A. Heterogeneous  creatures,B. Voracious cow  eaters,C. Great insect  eaters
"7. The most notable thing about snakes,","according to the passage, is that  they",A. Abound in gombe and plateau  state,B. Are versatile in  reproduction,C. Eat big but  seldom
8. Which of the following is true  according,to the  passage?,A. Snakes are not in the polar  region,B. Snakes are endemic on every  continent,C. There are countless number of snakes  in
10. A suitable title for this passage  is,A. Feeding habits of  snakes,B. Some characteristics of  snakes,"C. Snakes as legless, cold -blooded  reptiles",D. Species of snakes in Nigeria and  other
21. Chief Okeke okafo decided to buy an 'iron,horse' because it would,A. Allow him to be the head of the  clan,B. Raise his status in the  clan,C. Minimize the strain of travel from one town
"24. According to the novel, a pupil  who",`carried his class` would be instructed to,A. Dance on the assembly  ground,B. Fetch firewood for the  teachers,C. Carry a  pad
"25. If you get confused at any stage, let me",know; I want this pottage to be well prepared.,The statement above was meant  to,A. Distract  Ada,B. Encourage Ada`s cooking  habit
"26. According to the novel, Mazi laza  would",shout at any person standing in his way,because his bicycle in Umuatala clan  was,A. Had injury people on many  occasions,B. Was manufacture by local  engineers
"27. From the novel, the first person to own a",bicycle in Umuatala clan  was,A. Chief Okeke  Okafo,B. Polycarp's  father,C. Mazi Lazarus
"28. In the novel, what did Mazi Laza do  after",putting a pinch of snuff into each  nostril?,A. He commended his  wife,B. He gave the remaining to  Nwobiara  C. He nodded with  satisfaction,D. He complained of the  stuff
"29. From the novel, what was Ada`s",punishment for fighting with  madam,A. She copied ps alm 119 from start to  finish,B. She fetched water from the stream with,a basket
"30. In the novel, Obu would not touch cocoyam",soup because he claimed  it,A. had lost its  taste,B. would get struck in his  throat,C. would make him  sick
31. The entertainment expenses for Okoh,Ameh`s traditional marriage rites were paid  for,by,A. Okoh amah`s  parents,B. the bide`s  parents
32. Mfa`s friend asserted that Bob Marley  and,"other reggae stars were ""good"" because  they",A. smoked Indian  hemp,B. were gainfully  employed,C. listened to their  parents
"33. From the novel, what did Terkura do with",the balance of the money chief Ofega paid  him?,A. He married another  wife,B. He brought a beautiful  house,C. He invested it in his  business
"35. In the novel, Maria's tolerance of her",husband spending half the night on duty at the,hotel was considered  a,A. Way of taking great  risk,B. way to remedy all natural  problems
36. The minister considered the ministry’s,budget to a drop in the ocean in view of  the,number of projects in the  pipeline.,A. The amount available may be inadequate for,projected  expenditure
37. The police are looking for the woman  who,framed her children out to her  neighbours.,A. The woman and her children are in the habit,of working in neighbour’s farm and the police,are not well disposed to  this.
39. The president said that he found himself,between a rock and a hard place when the,press said that he had  resigned,A. He dreamt t hat he was  abandoned,B. He thought that hard places were  unsafe
40. Kunana is like a bear with a sore  head.,A. He is a  bully,B. He is grumpy,C. He is ugly,D. He is quiet
41. Olu gave his brother a bumpy  ride,A. Olu's brother rode on Olu's back to  success.,B. Olu took his brother on a bumpy  road,C. Olu gave his brother a difficult  time,D. Olu gave his brother a ride in his  car
42. Adeola dosen't have to go the farm  today.,A. Adeola may go to the farm today if he so,wishes,B. Adeola ought not to have gone to the farm,today
43. My boss asked me to take my eyes off  the,ball. A. I should stop paying attention to what  is,most important,B. I should be focused when I am about stay,off football
44. The robber was hedged in by the  people.,A. The robber was surrounded by the  people,B. The robber was killed by the  people,C. The robber was exposed by the  people,D. The robber was caught by the  people
45. Many workers are not happy because they,live a hand -to-mouth  life.,A. They work hard with their  hands,B. They are voracious and  avaricious,C. They are barely  surviving
46. Prolonged strike action debilitated the,industry.,A. invigorated,B. isolated,C. weakened
48. The young girl was taken aback by her,father's gift of a  car.,A. shocked,B. unmoved,C. surprised  D. nonplussed
49. Musa is a gifted but erratic  player,A. strong,B. regular,C. unpredictable,D. unstable
50. The lamp shades were  translucent,A. opaque,B. interested,C. luminous,D. transparent
51. My niece has an unquenchable thirst for,adventure  stories.,A. a spurious,B. an illegitimate,C. a reduced
52. Some of my neighbours have an  antipathy,to dogs.,A. enmity  towards,B. affection  for,C. acronym  for
53. The dressmaker -...- unpicked the seam of,the shirt,A. threaded,B. sewed  up,C. picked  up
54. The testimony of the witness was  vague .,A. disturbing,B. true,C. ambiguous,D. clear
"55. As a student, Isa tried communal living for",a few  years,A. collective  B. general,C. shared,D. private.
56. The chairman admires incessant  meetings.,A. unusual,B. planned,C. constant,D. irregular
57. Today's weather is favourable for a game,of tennis.,A. impartial,B. abnormal,C. encouraging
58. the candidates looked aghast at the  first,reading of the  questions.,A. fulfilled,B. dismayed,C. satisfied
59. Joke gave Muhammed a jaunty  smile.,A. a discouraging,B. an inviting,C. a frightful,D. a cheerful.
60. The first round of the tournament was  a,doddle .,A. easy,B. balanced,C. dodgy
61. The lazy man cast a lustful glance at  his,neighbour's  wife.,A. hateful  B. quick,C. covetous,D. envious
62. They accused him of fomenting political,unrest.,A. inciting,B. discouraging,C. preventing
63. You can learn a great deal just from,watching other  players.,A. invent,B. accumulate,C. allow
64. All the researchers were asked to  garner,information on the new viral infection.,A. collect,B disseminate,C. distort
66. The House and The  Senate  will  At noon,next Wednesday to hear address by the,president,A. convene,B. adjourn
67. At the --- of the century many ways of,doing things were  introduced.  A. turn,B. event,C. birth,D. sight
"68. You may have the pencil, but you can't",have the ballpoint  ...,A. either,B. furthermore,C. also
69. The president said that the country was not,out of the. ... yet.,A. forest,B. fog,C. water
70. He went to the restaurant to enjoy  the,special.,A. suite,B. cuisine,C. a la carte
71. The invigilator  --- to know how long  the,examination  ... going  on.,A wanted/has been,B wants/had been,C. wants/have been
72. The guard spent all the night  pacing ---,A. from and  to,B. fro and  to,C. to and  from,D. to and  fro
73. The woman refused  to testify  .... Her,husband,A. in,B. at,C. against  D. from
74. Abike must have found the very interesting,movies  quite....,A. absolving,B. absorbing,C. nauseating
75. The words   divided between the end of,one line.,A. have been,B. have being,C. has been
76. Those   are very  beautiful.,A. flowers of  her,B. flowers of  her's,C. our flower,D. flowers  ours
77. Cooking has never been  Jumoke’s ---,A. recital,B. purview,C. style,D. forte
"78. When the strike is over, there will probably",be an increase in wages  and a  increase in,prices,A. sporadic,B. concordant
79. My mother was —annoyed with me for,coming late.,A. very,B. neither,C. hotly
81. The clock --- 12 O’clock two hours  ago.,A. strikes,B. strike,C. struck,D. striking
82. Whats is the jury’s --- the matter,A. verdict  on,B. verdict  from,C. verdict  at,D. verdict  with.
83. The unconscious  man was ---- after,receiving first aid.,A. reawakened,B. reformed,C. restored
84. The laughter –his face for a  moment.,A. improved,B. controlled,C. animated,D. remade
85. She traced her family history -- matrilineal,descent.,A. in,B. by,C. with
87. odour,A. flow,B. sugar,C. hold,D. floor
88. palm,A. ranch,B. florid,C. lunch,D. plait
89. ision A. instruction B mansion C. nation  D.,enclosure.,,,
90. gnash A. forge B. new C. king D.  ring,,,,
91. epitaph A. pseudo B. fan C. paper D.,pneumonia.,Choose the option that rhymes with the,given word.,
92. ever A. favour B. f ever C. never D.  heavier,,,,
93. keep A. reap B seethe C. threat D.  dead,,,,
94. tax A. box B. lacks C. back D.  ask,"In each of questions 95 to 97, choose the",most appropriate stress pattern from the,options. The stressed syllables are written,in capital letter.
95. valedictory A. valedictory B. valedicTORY C.,Valedictory D.  valedictory  96. congratulation A. congraTUlation  B.,congratuLAtion C.  CONgratulation,D. conGRAtulation,
97. conspiracy A. conspiRAcy B.  conspiraCY,C. consPIracy D. CONspiracy,"In each of questions 98 to 100, the world",in capital letters has the emphatic stress.,Choose the option to which the given
98. My mother brought a BICYCLE  yesterday.,A. What did you mother buy  yesterday?,B. Whose mother bought a bicycle  yesterday?,C. Did my mother steal a bicycle  yesterday?,D. When did my mother buy a  bicycle?
99. AMINA went to Abuja by  air.,A. Is Amina going to Abuja by  air?,B. Who went to Abuja by  air?,C. Did Amina go to Abuja by  road?,D. Did Amina go to Jos by  air?
100.  Musa is STAYING in  Enugu.,A. Is Musa passing through  Enugu?,B. Is Musa staying on the outskirt of  Enugu?,C. Is Audu staying in  Enugu?,D. Was Musa staying in  Enugu?  ANSWER KEYS:
1. C,,,,
2. C,,,,
3. A,,,,
4. D,,,,
5. C,,,,
6. A,,,,
7. A,,,,
8. A,,,,
9. B,,,,
10. B,,,,
11. C,,,,
12. B,,,,
13. A,,,,
14. B,,,,
15. A,,,,
16. C,,,,
17. B,,,,
18. C,,,,
19. A,,,,
20. D,,,,
21. D,,,,
22. D,,,,
23. D,,,,
24. A,,,,
25. D,,,,
26. C,,,,
27. C,,,,
28. C,,,,
29. D,,,,
30. C,,,,
31. A,,,,
32. A,,,,
33. C,,,,
34. D,,,,
35. C,,,,
36. A,,,,
37. B,,,,
38. B,,,,
39. C,,,,
40. A,,,,
41. C,,,,
42. B,,,,
43. A,,,,
44. A,,,,
45. C,,,,
46. A,,,,
47. B,,,,
48. B,,,,
49. B,,,,
50. A,,,,
51. C,,,,
52. B 53. A,,,,
54. D,,,,
55. D,,,,
56. C,,,,
57. C,,,,
58. B,,,,
59. D,,,,
60. A,,,,
61. C,,,,
62. A,,,,
63. D,,,,
64. A,,,,
65. A,,,,
66. A,,,,
67. A,,,,
68. D,,,,
69. D,,,,
70. B,,,,
71. D,,,,
72. D,,,,
73. C,,,,
74. C,,,,
75. A,,,,
76. D,,,,
77. D,,,,
78. C,,,,
79. A,,,,
80. C,,,,
81. C,,,,
82. A,,,,
83. D,,,,
84. C,,,,
85. B,,,,
86. A,,,,
87. D,,,,
88. A,,,,
89. D,,,,
90. B,,,,
91. B,,,,
92. C,,,,
93. A,,,,
94. D,,,,
95. A,,,,
96. C,,,,
97. B,,,,
98. A,,,,
99. B,,,,
100. A,UTME 2015 USE OF ENGLISH QUESTIONS,COMPREHENSION : Read the passage,carefully and answer the questions that follow,PASSAGE I
"1. The expression third party, as used  in","the passage,  means",a. Politician,b. Intruder,c. Conformist
3. Which of the following statements can,be inferred from the  passage?,a. The approach to employ in conflict,management depends on the state of  affairs,b. Only one conflict management approach
"4. According to the passage, the different",approaches to conflict management  are,a. Pernicious,b. Uniform,c. Misleading
"5. The word utility, as used in the  passage,",means,a. Difficulty,b. Attitude,c. Usefulness
"6. The word couched, as used in  the","passage,  means",a. Arranged,b. Expressed,c. Modified
"7. From the writer's point of view, one can",conclude  that,a. The only authority a society has is  its,language  b. Language and culture are  interwoven,c. People of the same culture in the  same
8. Which of the following can be inferred,from the  passage?,a. The world is interpreted to use only  in,our native  language,b. Our native language is as important  as
9. What is the symbolic function of a  native,"language, according to the  passage?",a. It enables the society itself the  more,b. It promotes understanding within  the,group
"10. From the passage, one can imply  that",a. The language of instruction is ideally one's,own language,b. Native languages are difficult to use  as,languages of  instruction.
1971. Over 80% of elementary and  secondary,schools were privately owned and competition,was ..... 13 ..... among these sch ools. Each,strived to carve  an ...14.... for herself  by,excelling in sports or academics and students
12. A. influenced  B. hampered  C. subdued,D. rejected,,,
13. A. high B. minimal C. low D.  moderate,,,,
14. A. attitude B. image C. effort D.  avenue,,,,
15. A. appreciate B. emulate C. reject D.,denounce,,,
16. A. mild B. acute C. slow D.  average,,,,
17. A. seldom B. usually C. often D.,frequently,,,
18. A. lauded B. muffled C. muffled  D.,enunciated,,,
19. A. rejects B. approves C. contradicts D.,verifies,,,
20. A. Lauded B. Muffled C. Mumbled D.,Enunciated,These question 21 to 36 are based on A. H,"Mohammed's ""The Last Day at Forcados","High School"""
21. The information that Efua's diary had,been leaked to all in the s chool was first made,known to her by  ----,a. Caro,b. Ansa
"22. ""What do you want? Doesn't it offend",your pure gentle soul to be sitting beside  me?,"In the excerpt above, pure and gentle soul",referred to,a. Nene
24. What did Ansa do when Efau  was,introduced to him for the first  time,a. He smiled  sheepishly,b. He murmured  awkwardly,c. He snubbed  her
"25. After the graduation, Nene hoped to  study",a. Accountancy,b. Law,c. Architecture,d. Education
"26. At one time, the closeness between Jimi",and Wole heightened because they wanted  to,a. Contend with Jimi adversaries  at,Forcados High  School,b. Unite against the bullying of the  eldest
27. Teacher Bade earned the  nickname,"""cane"" because he  was",a. A Discipline master in the  school  b. Always ready to listen to student's,complaints,c. Always ready to punish  offenders
"28. From the storyline, we could  conclude",that Forcados high school  emphasized,a. Individuality,b. Conformity,c. Duplicity
29. Despite the fact that Anza was not as,"brilliant as Jimi, he still saw jimi as  a",a. Friendly and likeable  person,b. Timid and likeable  person,c. Likeable but hostile  person
30. Jimi was to run away from the  policemen,when they asked him to stop  by,a. Getting help from a good  Samaritan,b. Jumping into a nearby  bush,c. Hiding under the  table
31. The impromptu meeting to prepare for,the mid -term dinner was attended by  the,a. School  prefects,b. Organizing  committee,c. Ss3 students
32. What did Jimi occupy himself with as he,took his  shower,a. He was  whistling,b. He was  crying,c. He was  dancing
33. Who was considered as a bright spark in,an unspoken contest with Jimi over their,chemistry  results?,a. Eze,b. Caro
34. The teacher's attitude towards Efau  was,that of,a. Recognition,b. Misconception,c. Misapplication
35. Which of these best describe Aunty  Moni's,character  trait,a. Garrulous,b. Docile,c. Arrogant
36. The workers tightened their hold on the,capital,a. They tightened a rope round their  capital,b. They controlled the capital more  strictly,c. The held unto other workers in  the
37. Amedu's actions provoked severe  criticism,a. His actions were seriously  rejected,b. His action were severe and  accepted  c. His action were itemized because he was,young,d. His action provoked the  humour
38. I haven't seen the movie and my brother,hasn't  either,a. I have seen the movie but neither of my,brother  have,b. My brother and I haven't seen the  movie
39. Sule would have been given the car if  his,father had hot  complained.,A. He wasn't given the car because his father,complained,B. He was given the car because his  father
43. Bello said he would pitch his tent with  the,club.,A. He would support the  club.,B. He would build a pitch in the  club,C. He would build a tent on the  pitch.
"44. Try not to lose heart, said the  man.",A. Try not to be bold and  weak,B. Try not to become sad and  hopeless,C. Try not to be happy and  feeble,D. Try not to be timid and  hopeful.
40. Adayi cannot halt the march of  time.,A. she is willing to march  on,B. She c annot change the way things  happen.,C. She halts the march on  time.,D. She cannot alter the peace  march.
41. The lecture is Uye s road to  Damascus.,A. The lecture is an opportunity to travel  to,Damascus.,B. The lecture is an experience that changes,the way she  thinks
42. Ado is one of the  backwoodsmen.  45. Kasim would have attended the party if  he,had been  invited.,A. He would not have attended even if he  eat,B. He attended the party before he was  invited.,"C. He was not invited and so, he did not  attend"
46. Adewale's arrival always triggers a  media,frenzy A. Violence. B. Agitation C. Calm D.,Excitement.,,
"47. She said, the experience was harrowing . A.",Educating B. Frightening C. Pleasant D.,Strange,,
48. The house was invaded by the young,officers A. Set up B. Put down C. Defended D.,built.,,
49. I like Adamu weird attitude. A.Buoyant B.,Peculiar C. Zestful D. normal. D.  inglorious,,,
50. We travelled to an obscure little town A.,rugged B. Distinguished C. Secluded D.,inglorious,,
51. She is known for her bizarre dressing. A.,Natur al B. Weird C. Obsolete D.  Odious,,,
52. Lami normally scurries around town A.,Scampers B. Dashes C. Dawdles D.  Scuttles,,,
53. Sule’s poem is always explicit and,compelling A. Exciting B. Clear C. Ambigous,D.Long.,,
54. Usman smiled in a scornful way A.,Respectful B. Derisive C. Sacarstic D.  Deluded.,,,
55. Alade is noted for his erratic behaviour. A.,Fitful B. Bizarre C. Consistent D.  Euphoric,,,
56. The priest knows Ochai as an abstainer A.,Someone who never drinks alcohol B. Someone,who holds onto his ideas C. Someone  who reads a lot D. Someone who never cares about,others,"From these questions, choose the option"
57. She gave a caustic remark on the  occasion,A. tangible B. Friendly C. insignificant D.,Sarcastic.,,
58. It was a good try but it didn't quite work,out. A. Come to B. come off C. come from D.,come for,,
59. Garuba’s performances in the  competition,was horrid . A. terrible B. encouraging C.,Commendable D.  rigid.,60 Just me the basic facts with needless details,A. relevant B. extraneous C. essential D.
61. Usman likes toys made with bright  and,animated colours. A. dull B. sparkling C. black,D. deep,,
62. The man has strong distaste for alcohol. A.,love B. aversion C. desire D.  excitement.  63. The schism in the' organization is on the,increase. A. disagreement B. understanding C.,opportunity D.  rot,
64. Sule admires people who have unbending,character A. mobile B. steady C. wavering D.,unstable,,
65. He detests honesty A. likes B. hates C.,encourages D.  commands.,"From questions 66 to 85, choose the",option that best completes the gap(s)  have rushes into it C. would not have rushes,into it D. would not have rushed into it.
71.,,,,
72. The company deals ... computer software,A. with B. for  C. in D.  to.,73 There is no logic --- any of their claims. A.,with B. in C. from D. up,74the house was an easy task for the
66. The number of stores will be increased ...,twenty to thirty. A. from B. on C. at D. into  75. The player sat on the bench ... the match,lasted. A. since B. when C. that D. while,67 ..... bomb had earlier been defused A. A  leaf,B. An alive C. A life D. A  live
68. The mechanic did not tell me the brakes  ...,bad A. were B. are C. is D. was.,,,
69. Tayo could have supplied the goods but it,was  ---- into two A. splitting B. split C.  splited,D. splits.,,
70. Had Aisha realized what marriage  entails,she -- A. could have not rush into it B.  would  76. He ran out when he saw the teacher ...? A.,didn't he B. isn't he C. does he D. is  he.,,
77. Parents should be good examples ...  their,children. A. to B. at C. from D.  by.,,,
78. He travelled ... last week A. somewhat B.,somewhere C. some at D.  somewhere,,,
79. He was present at  the party .... ? A. wasn't,he B. did he C. could he D. didn't he.  80. The prisoners had been ... from all  contacts,A. kept upon B. kept apart C. kept for D. kept,on.,
81. We detest these... declared the woman A.,types of programme B. type of programmes C.,types of programmes D. type of  programme.,,
82. lima doesn't like working in the dark ...?  A.,has she B. does she C. will she D. did  she.,,,
83. Oboro will always ... his friends. A. stand,up for B. stand down for C. stand across for D.,stand besides  for.,,
84. She arrived ... air for the occasion. A. for B.,in C. with D.  by,,,
85. Audu overbalanced and ... the water. A. fell,into B. fell from C. fell for D. fell  at.,"For this question, choose the option that",has the same vowel sound as the one,represented by the letter(s) underlined.
86. Bore A. call B. curl C. slot D.  hum,,,,
87. Head A. said B. heard C. herd D.  shirt.,,,,
88. Sky A. cite B. eats C. breaks D.  coil.,,,,
89. Loath A. breathe B. that C. thaw D.  tank. 90. Van A. of B. often C. off D.  physics.,,,,
91. Lodge A. soldier B. rogue C. go D.,measure.,"For this question, choose the option that",rhymes with the given word.,
92. Suite A. tree B. breath C. bleat D.  sweet.,,,,
93. Cart A. lash B. cat C. part D.  pack.,,,,
94. Sight A. skate B. short C. cite D.  plait,"For this question, choose the choose the",appropriate stress pattern from the,options. the stress syllables are written in,capital letter(s)
95. Programmatic A. proGRAMmatic B.,PROgrammatic C.  programMATIC,D. programmatIC,,
96. Certification A. certiFIcation B.,CERtification C. certifiCAtion D.  cerTIfication.,,,
97. Motivation A. moTIvation B.  motivaTION,C. motiVAtion D. MOtivation.,"In the question, the words in capital letter",has the emphatic stress. Choose the,option to which the given sentence
98. Bukola’s UNCLE is a strict  teacher,A. Is Bukola’s uncles a strict  cook?,B. Is Tunde’s uncle a strict  teacher?,C. Is Bukola’s aunt a strict  teacher?  D. Is Bukola’s uncle an ea sy going  teacher?,
99. She puts spoon on the  CHAIR.,A. Did she put the fork on the  chair?,B. Did she put the spoon on the  chair?,C. Who put the spoon on the  chair?,D. Who took the spoon on the  chair?
100.  ASA is a  lawyer,A. Is Asa a  robber?,B. Who is a  lawyer?,C. Is Asa the  lawyer?,D. Was Asa the  lawyer?  ANSWER KEYS
1. D,,,,
2. D,,,,
3. A,,,,
4. D,,,,
5. C,,,,
6. B,,,,
7. A,,,,
8. B,,,,
9. C,,,,
10. A,,,,
11. A,,,,
12. C,,,,
13. A,,,,
14. A,,,,
15. A,,,,
16. B,,,,
17. C,,,,
18. B,,,,
19. A,,,,
20. D,,,,
21. D,,,,
22. A,,,,
23. B,,,,
24. A,,,,
25. A,,,,
26. B,,,,
27. A,,,,
28. B,,,,
29. D,,,,
30. B,,,,
31. A,,,,
32. D,,,,
33. A,,,,
34. B,,,,
35. D,,,,
36. B,,,,
37. A,,,,
38. B,,,,
39. A,,,,
40. B,,,,
41. B,,,,
42. A,,,,
43. A,,,,
44. B,,,,
45. C 46. C 91. A,,,,
47. C 92. D,,,,
48. C 93. C,,,,
49. D 94. C,,,,
50. B 95. C,,,,
51. A 96. C,,,,
52. C 97. C,,,,
53. C 98. C,,,,
54. A 99. B,,,,
55. C 100. B,,,,
56. A,,,,
57. D,,,,
58. B,,,,
59. A,,,,
60. C,,,,
61. B,,,,
62. B,,,,
63. A,,,,
64. B,,,,
65. B,,,,
66. A,,,,
67. D,,,,
68. A,,,,
69. C,,,,
70. D,,,,
71. NO ANSWER,,,,
72. C,,,,
73. B,,,,
74. B,,,,
75. D,,,,
76. A,,,,
77. A,,,,
78. A,,,,
79. A,,,,
80. B,,,,
81. A,,,,
82. B,,,,
83. A,,,,
84. D,,,,
85. A,,,,
86. C,,,,
87. A,,,,
88. A,,,,
89. C,,,,
90. A,UTME 2016 USE OF ENGLISH QUESTIONS,PASSAGE I,COMPREHENSION: Read the passage,carefully and answer the question that
1. The view expressed by the writer in the last,paragraph is that (a) the number of  alcoholics  and smoker is certainly increasing (b) more,people appear to take to drinking and smoking,(c) sales of alcohol and tobacco products h ave,improved tremendously (d) more people now
2. It can be concluded from the passage that,"morality, religion and economy are (a)",somewhat interconnected (b) clearly,interconnected (c) certainly different (d),certainly  unrelated
"3. According to the passage, the moralist idea",is that (a) the smoking of cigarettes is bad and,unacceptable (b)it is typically African not to,smoke cigarettes (c) people sh6uld accept a,point of view only when they are convinced (d)
4. Which of the following statements is true,according to the passage? (a) total abstinence,from drinking and smoking is a religious,obligation (b)smoking and drinking may have,positive effects on the econo my (c) every one
5. The positions maintained by the moralist,and the economist can be described as  being,(a) quite indifferent (b) very agreeable (c) very,passionate (d) at variance,PASSAGE ll
6. The sentence There will be twice as many of,us before most of us are dead means (a) some,increase in human and animal population,growth rates (b) mankind is fast spreading,across the earth (c) the population growth rate
7. Which of the following statements is true,according to the passage? (a) man kills animal,only when he ca n afford to do so. (b) man eats,all categories of animals (c) man cannot spare,those animals that eat his kind (d) man poses
8. The basic causes of the elimination of  certain,animals from the earth include (a) a deliberate,battle  against nature and the quest for leopard,skin (b) man's decision to live in cities and the,development of large farm lands (c) man's
9. The expression when man evolved a,conscience means when (a) man's intellect,improved tremendously (b) man became a,critical  creature (c) man developed an,awareness of right and wrong (d) man  acquired
"21. According to the Novel, Efua was in",Forcados High School because (a) her,stepfather was a board member (b) of her,former principal's recommendation (c) the,school ne eded her mother's support (d) of  aunt
"22. According to the Novel, who intimated Efua",that there was a clash between area boys? (a),Miss Novi (b) Mr Salami (c) Mr Edet (d) Mr,Mallum,
23. The speculation amongst the students of,Forcados High School gas that Jimi was  dating,(a) Joke (b) Caro (c) Risikat (d) Efua,,
24. The best thing that happened to Efua at the,end of the term was (a) the visit of Nene's,family (b) her participation in the Christmas,concert (c) her exclusion from Miss Novi's,charity group (d) the principal's open
"26. Mr Mallum, the principal, was a symbol  of",(a) freedom (b) envy (c) condemnation (d),achievement,,
27. Ansa decided not to like Efua because  he,(a) learnt she was controversial (b) thought,she was fetish (c) Felt she was snobb ish (d),thought she was wayward,
"28. In the novel, Ansa loo around glumly when",Jimi was engrossed in laughter and chatter,because he was (a) distracted by a b playing,on the field (b) neglected by Jimi (c) given,twelve strokes of the cane by the principal (d)
29. Which of the following statements captures,Ansa's thought about Jimi? (a) He thought Jimi,was a lucky boy (b) He was going to break his,friendship with Jimi (c) He thought Jimi cut,corners to succeed (d) He was envious of  Jimi's
30. Jimi was still trembling when he got home,from the bar because (a) he ran into a team of,policemen (b) Wole's friend wanted to beat  him,(c) he saw an accident on the way (d) he was,carrying illicit drugs
31. After listening to Jimi's expla nation on the,"stolen laboratory equipments, Mr Mallum",decided to (a) get in touch with Jimi's  relations,(b) punish Jimi for the wrong doings (c) put an,end to the matter (d) contact the police for
32. Which of the following best describes Mr,"Mallum? (a) He was a small, wiry man with  odd","accent (b) He was a tall, wiry man with good","diction (c) He was crude, rash and  impatient","(d) He was a fat, tall man with wimpish"
33. How did Nene feel when she saw Efua's,painting by Ansa? (a) She became friendly (b),She acted timidly (c) She was delighted (d),She was  surprised.,
34. One of the things Ansa observed about his,fellow students when they resumed for the new,term was that some of them (a) wore their ties,in odd knots (b) were ea ger to go back  home,(c) looked sickly and malnourished (d) had
35. Efua was not in the good book of teachers,at Forcados High School because (a) her,admission into the senior class was unusual (b),she was expelled from her previous schoo l (c),the students of the school did not like her (d)
36. Ramatu expressed her feelings in no,uncertain terms (a) she expressed it feebly and,sickly (b) she expresses it quietly and,cautiously (c) she expressed it secretly and,courageously (d) she expressed it clearly and
37. Usman needs to get his act t ogether if he,wants to pass the examination (a) he needs to,put on his stage costume (b) he needs to be,fast when writing the examination (c) he needs,to organise himself (d) he needs to put all
"38. As the drama unfolded, Olatinu ke was",advised to keep her shirt on (a) she was,advised to stay calm (b) she was advised to,commit herself (c) she was advised to join the,club (d) she was advised to wear her  shirt
39. The team's poor performance at the,tournament plumbed the depths of  horror .,(a) the team's performance was rewarded (b),the team's performance took them to the next,round (c) the team's performance was enjoyed
40. He is a clinging child (a) He is a bully  (b),He likes to cl ing with his sister (c) He is,possessive (d) He is a handsome young  man 41. You need to brush up on your Spanish (a),you need a brush from Spain (b) you need to,study the history of Spain (c) you need to learn
42. Tolu and Chinedu live in each other's,pockets (a) They are long -term business,partners (b) They are very close to each  other,(c) They blackmail each other (d) They steal,from each other
43. Zinana'a examination result was not,unfavourable (a) She failed her  examination,(b) Her result could not earn her admission (c),She was successful in the examination,
44. can't wait to become a mother. 'the new,bride declared (a) she sees motherhood as a,burden (b) she will be patient as a mother (c),She is not k een on becoming a mother (d) she,is excited about  motherhood.
45. Amaka would pass for beauty queen (a),she was acting as a beauty queen (b) she,would pass the drink to the queen who is,sitting next to her (c) she would be accepted,by all as a beauty queen (d) she walked past
47. The dressmaker unpicked the seam of,the shirt (a) tore up (b) sewed up (c)  threaded,(d) picked up,,
48. Some of my neighbours have an,antipathy to dogs (a) enmity towards (b) alarm,for (c) acronym (d) affection  for,,
49. Chibuzor gave a curt nod and walked,away (a) rude (b) polite (c) gentle (d)  shocking,,,
50. The girl took a cursory glance at the,letter and hid it (a) brief (b) sententious (c),lasting (d)  concise,,
51. The accused was eventually convicted (a),initially (b) finally (c) subsequently (d),consequently,,
52. My niece has an unquenchable thirst for,adventure stories (a) an illegitimate (b) a,spurious (c) an inextinguishable (d) a  reduced,,
53. Musa is a gifted but erratic player (a),regular (b) strong (c) unstable (d),unpredictable,,
54. The testimony of the witness was  vague,(a) real (b) factual (c) true (d)  clear,,,
"55. As a student, Isa tried communal living",for a few years (a) shared (b) private (c),collective (d)  general,,
56. The lamb is a feeble little animal (a)  fat,"(b) weak (c) loving (d)  quite For these questions, choose the nearest in",meaning to the word or phrase in italics,,
57. The chairman admires  incessant,meetings (a) planned (b) unusual (c) irregular,(d) constant,,
58. The exhibition was an eye opener to  all,(a) dispatch (b) examination (c) style (d),display,,
59. The first round of the tournament was  a,doddle (a) exasperating (b) balanced (c) dodgy,(d) easy,,
"60. As a journalist, Bala has always had  a",nose for stories (a) a command (b) cynical,statement (c) soft comment (d) an  instinct,,
61. The actress screamed when she noticed,an object behind her (a) wailed (b)  protested,(c) waded in (d) stormed  out,,
62. Today's weather is favourable for a game,of tennis (a) impartial (b) abnormal (c),encouraging (d)  disapproving,,
63. All the candidates looked aghast at the,first reading of the questions (a) fulfiled (b),dismayed (c) satisfied (d)  again,,
64. I am tired of your eternal argument  (a),open (b) strong (c) constant (d)  useless,,,
65. Joke gave Muhammad a jaunty smile  (a),frightful (B) cheerful (c) discouraging (d),Inviting,"From questions 65 to 85, choose the","option that best completes the gap(s)  66. You live in the  city now,  ? (a) are  you"
67. Concrete is  made  of (a) sand and,cement (b) a sand and a cement (c) sand and,a cement (d) a sand and  cement,,
"68. Suana  that hexagons had five sides,",but later he knew they were six -sided figures.,(a) would have believed (b) had believed (c),believes (d) has believed,
69. The  to the fallen heroes was erected,at the market square (a) exhibition (b),monument (c) myth (d)  picture,,
70. The Flying Eagles of Nigeria couldn't have,won the match if they hadn't  prepared,"well,  ? (a) can't they (b) couldn't they (c)",could they (d) can  they,
71. They all gathered to  exhume,the  musician's corpse for examination (a),posthumous (b) post -mortem (c) post -natal (d),orthopaedic,
72. I have been doing this exercise (a) for,five minutes (b) five minutes ago (c) since five,minutes (d) during five  minutes,,
"73. Oloyede  always sleeps like  a baby,  ?",(a) does he (b) could he (c) doesn't he (d) did,he,,
74. The man was given degree despite the,fact that he did not  attend  a  university (a),an honorary (b) an honourable (c) a,ceremonial (d) a  ceremonious  75. My father has  just bought  (a) a,peugeot brand new car (b) a car brand new
76. The university is a corporate body,made   different colleges (a) in with (b) of,with (c) up of (d) up  from,,
77. The secretary  hadn't   money left. (a),any (b) anything (c) none (d)  no,,,
78. The King  was recognised   the scar on,his face. (a) with (b) to (c) by (d)  for,,,
"79. Nkiru has lots of friends, but I  have",(a) only a little (b) little (c) only a few (d)  few,,,
80. The HOD says she considers her degree,certificate   than as a prize through  labour,(a) rather as a gift of God (b) rather God as a,gift (c) as a gift rather of God (d) as a rather,gift of God
81. Mr Ojo instructed his son to replace the,faulty  tube (a) flurescent (b) flourescent (c),fluorescent (d)  florescent,,
"82. The employer, not  the",salesmen   responsible for the loss (a) have,been (b) was (c) were (d) will  be,,
83. She was  as anyone could have had (a),as patient  as teacher (b) as a patient a  teacher,(c) as patient teacher (d) a patient a  teacher,,
84. There was  a serious   between the new,couple over feeding allowance (a)  arguement,(b) argeument (c) arguement (d)  argument  85. They thought  Musa  agree if they,altered some of the conditions (a) can (b)  may,(c) might (d)  ought
86. Waiter (a) Flavour (b) cite (c) road (d)  hair,,,,
87. Flee (a) field (b) skate (c) faith (d)  rid,,,,
88. Palm (a) florid (b) ranch (c) blunt (d)  lunch,,,,
89. Phantom (a) physics (b) pew (c) phew (d),party,,,
90. Chest (a) fixture (b) school (c)  charisma,(d) mass,,,
91. Epitaph (a) pneumonia (b) fan (c)  paper,(d) pseudo,"For these questions, choose the option",that rhymes with the given word,
92. Ever (a) never (b) heavier (c) fever (d),favour,,,
93. Cable (a) bible (b) mabel (c) able (d),marble,,,
"94. Mail (a) bale (b) slate (c) girl (d)  galle For these questions, choose the",appropriate stress pattern from the,"options, the stress syllables are written in",capital letter(s),
95. Advantages (a) advantaGES (b),adVANtages (c) ADvantages (d)  advanTAges,,,
96. Intentional (a) inTENtional (b)  INtentional,(c) intentionAL (d) intentioNAL,"For this question, choose the option that is",stressed on the first syllable,
97. (a) guitar (b) guilty (c) confuse (d)  relief,"In the question, the words in capital letter",has the emphatic stress. Choose the,option to which the given sentence,relates.
98. I left my bag on the  TABLE,(a) Is the bag left under the  table?,(b) Did I leave the shoe on the  table?,(c) Who left the bag on the  table?,(d) Where did I leave the  bag?
99. Kanu can play  FOOTBALL,(a) Who can play  football?,(b) What can Kanu  play?,(c) What can Kanu do with  football?  (d) Why should Kanu play  football?,
100.  Aisha plays TENNIS  always,(a) Who plays tennis  always?,(b) Does Aisha watch tennis  always?,(c) What does Aisha play  always?,(d) When does Aisha play  tennis?  ANSWER KEYS
1. B,,,,
2. A,,,,
3. A,,,,
4. B,,,,
5. D,,,,
6. C,,,,
7. D,,,,
8. D,,,,
9. C,,,,
10. D,,,,
11. C,,,,
12. A,,,,
13. D,,,,
14. A,,,,
15. A,,,,
16. D,,,,
17. A,,,,
18. C,,,,
19. D,,,,
20. B,,,,
21. B,,,,
22. A,,,,
23. B,,,,
24. D,,,,
25. B,,,,
26. C,,,,
27. C,,,,
28. A,,,,
29. A,,,,
30. A,,,,
31. B,,,,
32. A,,,,
33. D,,,,
34. D,,,,
35. A,,,,
36. D,,,,
37. C,,,,
38. A,,,,
39. D,,,,
40. C,,,,
41. D,,,,
42. B,,,,
43. C,,,,
44. D,,,,
45. C,,,,
46. D,,,,
47. B,,,,
48. D,,,,
49. B,,,,
50. C,,,,
51. A,,,,
52. D,,,,
53. A,,,,
54. D,,,,
55. B,,,,
56. B,,,,
57. D,,,,
58. D,,,,
59. D,,,,
60. D,,,,
61. A,,,,
62. C,,,,
63. B,,,,
64. C,,,,
65. D,,,,
66. B,,,,
67. A,,,,
68. B,,,,
69. B,,,,
70. C,,,,
71. B,,,,
72. A,,,,
73. C,,,,
74. A,,,,
75. d,,,,
76. C,,,,
77. A,,,,
78. C,,,,
79. B,,,,
80. B,,,,
81. C,,,,
82. B,,,,
83. B,,,,
84. D,,,,
85. C,,,,
86. A,,,,
87. A,,,,
88. B,,,,
89. A,,,,
90. A,,,,
91. B,,,,
92. A,,,,
93. C,,,,
94. A,,,,
95. B,,,,
96. A,,,,
97. A,,,,
98. D,,,,
99. B,,,,
100.  c,PASSAGE I  UTME 2017 USE OF ENGLISH QUESTIONS,(a) weaken through gender  sensitivity,(b) diminish through women  emancipation,(c) dwindle with the advancement of  civilization
1. Advantages usually enjoyed by men,began  to (d) fade with wide  self-realization,,,
"2. According to the passage, what two masters",are women strugglin g to serve?,(a) The health and education of their  children,(b) The husband and the  children,(C) The office and the husband
"3. According to the passage, ancient societies",were secured  because,(a) men were assigned superior  roles,(b) the tasks of women and men were  outlined,(c) women accepted inferior roles interpreted
"4. From the passage, it can be inferred  that",women emancipation results  in,(a) women becoming covertly  ambitious,(b) resentment of men by gain  women,(c) crises at  tome
"5. The phrase suffer tremendously, as used  in","the passage,  means",(a) greatly  disadvantaged,(b) to become  worse,(c) badly  unpleased
16. This question is based al S.I Manyika's IN,DEPENDENCE The college food was described,as dreadful  by,(a) Jane,(b) Charlie
"17. According to novel, Vanessa fell sick  after",the party at Charlie's place  because,(a) she drank too much and skipped  meals,(b) of the continuous ringing of Oxford  bells,(c) her room was not warm  enough
"18. In the novel, it was that Vanessa's father",was in  the,(a) Northern  Protectorate,(b) colonial  service,(c) house of  commons
"19. From the novel, the Nigerian film shown",created mixed reactions  in,(a) Simon,(b) Ike (c) Francis,(d) Margery
"20. The mention of Negritude, in the novel,  is",an example  of,(a) African contribution to  democracy,(b) African tribal  custom,(c) African contribution to western  civilization
21. Who among the following emphasized  the,importance of cross -cultural  breedin g?,(a) Sengbor.,(b) Cesaire,(c) Charlie
22. Mr. Richardson's daughter bothered  about,Lumumba and the wanted to go  to---,(a) Gabon,(b) Congo,(c) Togo
23. The first time Tayo met Vanessa was  at,(a) the film  presentation,(b) hail for  tutorials,(c) the Charlie's  place,(d) the Oxford  University
24. The article published in Students' paper,criticized women  for,(a) playing music  always,(b) overdressing,(c) distracting the  men
"25. In the novel, Francis pointed out to Ike  that",Nigerians,(a) were inexperienced in Western  democracy,(b) had taken control of their own  affairs,(c) should know their history  better
26. The government didn't mind  my,mentioning his  name,(a) He was not angry when I mentioned his,name,(b) He was angry when I mentioned his  name
27. The leader said he was not unaware of the,plight of the  people,(a) He knew of their plight,(b) He was not informed of their  plight,(c) He could not understand their  plight
"28. But for the expense, I'd buy bigger  car",(a) I want to buy a bigger car because it  is,more expensive,(b) I will not buy bigger car because it is  too,expensive
29. No sooner had he got into the pool than  the,telephone  rang,(a) He didn't get into the pool because  the,telephone  rang,(b) The telephone rang just a fter he got into
30. My father said I might just as well stay  at,home for another  year,(a) I should stay at home because I had no,other  choice,(b) I might stay at home and do  well
32. The minister averred his commitment (a),denied (b) pledged (C) undertook (d)  accented,,,
33. The company was on the brink of a,financial abyss. (a) difficult (b) scandal  (c),services (d)  stability,,
34. Nosa is indisposed (4) anxious (b)  fragile,(c) healthy (d) cautious,,,
35. A conscientious student should not  receive,a reward (a) An irresponsible (b) A  persistent,(c) busy (d) An active,,
36. The poem appealed to my sixth sense  (a),brain (b) mind (c) instinct (c)  intelligence,,,
37. Sophie anticipated the celebration of her,tenth birthday (a) suggested (b) hoped for  (c),imagined (d) waited  for,,
38. Mr. Bola is an irascible young man (a) a,weak (b) a crabbed (c) a hilarious (d) a  rude,,,
39. She became neurotic as a result of her,performance (a) balanced (b) disturbed (c),rational (d)  excited,,
40. Malam Aliyu lived in lack (a) surplus (b),penury (c) plenitude (d)  opulence,"For this question, choose the option that",best completes the gap(s).,
41. You have to how to make the whole week  a,memorable  one,(a) thick up (b) thick on (c) thick about (d),think at,
42. Last week I your friend in the salon (a),came into (b) came by (c) came across (d),came  over,,
"43. We might wait a little longer, but he would",not it ....... soon (a) turn out (b) turn up  (c) turn,in (d) turn over,,
"44. His are tied, so he could not do anything to",help her (a) shoulders (b) arms (c) hands (d),"legs 45. If you want to be part of the conference,",you have to ....... a form on me (a) fill up (b)  fill,out (c) fill on (d) fill  over
46. The flight .... has been postponed  (a),schedule (b) timetable (c) menu (d) manifest,,,
"47. My wife should not worry about this trial,  I",will always  ..... her (a) stand for (b) stand  by,(c) stand on (d) stand over,,
48. I can tell from the way he talks that he  his,mentor (a) takes after (b) takes up (c) takes,from (d) takes  back,,
49. We have time to -- before the gallery  opens,(a) Make (b) waste (c conserve (d) keep,,,
50. The time has now mime policy change  in,Nigeria (a) to (b) for (G) by (d)  at,"For this question, choose the option that has",the same vowel sound as the one rep resented,by the letter(s) underlined
51. tolerated (a) stale (b) kneel (c) met (d),mat,,,
52. gearbox (a) bare (b) feature(c) beer  (d),teacher,,,
53. confusion (a) measure (b) mission  (c),correction (d)  caution,,,
54. tertiary (a) shame (b) question (c)  catch,(d) chair,,,
55. poster (a) jotter (b) counter  (c)heater,(d)mortar,,,
56. cowed (a) low(b) flow (c) loud (d)cooed,,,,
57.distribution (a)distriBUtion (b)  DIStribution,(c) disTRIbution (d) distribution’,,,
58. irrevocable(a) irreVOcable(b)  irrecocable,(c) iRREvoble (d) irrevocable,,,
59. My house is ACROSS the  road,(a) is her house the  road?,(b) Is my room across the  road?,(c) Is my house on the  road?,(d) Is my house across the  street?  60. The shop closes AT  4pm
1. A,,,,
2. D,,,,
3. B,,,,
4. A,,,,
5. D,,,,
6. A,,,,
7. A,,,,
8. B,,,,
9. A,,,,
10. D,,,,
11. A,,,,
12. A,,,,
13. C,,,,
14. B,,,,
15. D,,,,
16. D,,,,
17. D,,,,
18. B,,,,
19. B,,,,
20. C,,,,
21. A,,,,
22. D,,,,
23. A,,,,
24. D,,,,
25. D,,,,
26. A,,,,
27. D,,,,
28. B,,,,
29. B,,,,
30. D,,,,
31. B,,,,
32. A,,,,
33. D,,,,
34. C,,,,
35. A,,,,
36. A,,,,
37. C,,,,
38. D,,,,
39. B,,,,
40. B,,,,
41. B,,,,
42. C,,,,
43. B,,,,
44. C,,,,
45. A,,,,
46. A,,,,
47. B,,,,
48. A,,,,
49. C,,,,
50. B,,,,
51. A,,,,
52. C 53. A,,,,
54. A,,,,
55. D,,,,
56. C,,,,
57. A,,,,
58. A,,,,
59. C,,,,
60. A,PASSAGE A  UTME 2018 USE OF ENGLISH QUESTIONS,,,
1. What point of view is the Geography  master,fond of  advancing?,A. Africans are infested with all kinds  of,problem,Read the following passage and answer
2. Which of the following arguments did he not,use to support his  vies?,"A. In Africa, the mosquito causes deadly","malaria whereas in Britain, it doesn't bite  or",caw e  malaria
"3. ""...rock the boat"" What figure of speech  is",this expression?,A. Simile,B. Metaphor,C. Personification
4. What extra argument (lid the new boy offer,after countering each of vie master's points?  A.,There are problems especially in  Africa,B. There are deadly snakes be the in  America,and Africa
5. Why do you think the master fought back,with his look rather than with further,argument?,A. He knew that the boy's points were  valid,B. He had answers to the boy's  argument
"6. ""...who had n o answer to this new battle"".",What grammatical name is given to the  above,passage expression as it is used in the,passage?,A. (non-defining) relative  clause
7... [A. germ B. bacterial C. dirty D. mosquito],"diseases such as measles, but tuberculos is,",diarrhoea and many others including ... 8... [A.,catarrh B. runny -nose C. headache D.,influenza] known also as the ... 9... cold [A.
"23. When asked to state her side of the story,",Bunmi started by beating about the bush. This,means that  Bunmi,A. went straight to the  point,B. was lost in great  thought
24. The amount he donated was small. He  said,it was his widow's mite. This means  that,A. he was a  widow,B. he was  misery.,C. it was all he could honestly  afford
25. The friendship between Segun and  Shehu,has turned sour. This means that Segun and,Shehu  are,A. no longer friends B. stilt friends C. better,friends now D. getting to understand each
26. The driver smelled z: rat when the,policemen asked him to stop. ] Ills means that,the driver was A. reckless B. auspicious C.,careful D.  offensive.,
27. The students were as Wised to face their,studies and let the sleeping dog lie. This means,that the students shout ( A. obey the,authorities B. organise them properly C. leave,matters as they are now D. be as watchful as
"28. From the way Ngozi behaves, it is  obvious","she is a greenhorn. ""This means that Ngozi  is",A. arrogant,B. cautious,C. inexperienced
"30. Since I found out his hypocritical nature,  I",have been keeping him at arm's length. This,mean: that  I,A. avoid being similar with  him,B. ignore his  advice
31. I knew Okoronkwo's father very well and I,must say that his son is a chip off the old,block. Thy means that  Okoronkwo,A. has Chosen the game career as its  father,B. is very much like his  father
32. The debating team was warned to make,convincing points and not to play to the  gallery.,This means that the team should  not,A. be selfish,B. underrate  opponents
33. Anyone who thinks that he can succeed  in,life without working hard is living in a fool's,paradise. This means is that such a  person,A. is having an  illusion,B. thinks other people are  fools
34. I am happy to inform you that your  boys,are conscientious,A. industrious  B. carefree,C. careful,D. corrupt
35. My father is a very prosperous,businessman.,A. ungrateful,B. unscrupulous,C. unskilled
37. Ayo takes his studies rather  lightly,A. humorously,B. tediously,C. carefully,D. seriously
38. The doctor was very gentle with  his,patients in the examining  room,A. harsh,B. rude,C. rough
39. The President took exception to the  ignoble,role the young man played in the  matter,A. honourable,B. embarrassing,C dishonourable
40. The man who had been seriously ill  was,convalescing at a seaside  resort,A. regaining  health,B. deteriorating in  health,C. recuperating
"41. For millions of years, the world resources",have remained  boundless,A. unlimited,B. scarce,C. indomitable
42. The difference between the  experimental,procedures was imperceptible to  me,A. negligible,B. significant,C. obvious
43. His anti -apathy to religion ideas makes  him,unpopular,A. remedy,B. Consciousness,C. hostility
45. When the soldiers saw that resistance  was,[A. inadequate B. inefficient C. futile D.,"successful], they stopped  fighting",,
46. You should read all the ... [A. brochures B.,prospectus C. tickets D. handouts] carefully,before you decide where to go on  holiday.,,
47. The Emir and Conqueror of the enemy,territories. ---[A. arrives B. are to arrive  C.,arrive D. are arriving } next  week.,"48 We ought to have visited the Governor,","...[A. isn't it B, oughtn't we C. shouldn't we D."
"49. He didn't sense Obi's presence in the  room,","did he?... [A. yes, he did B. No, he did C. Yes,","he didn't D. No, he  didn't]",,
50. You can stay here A. as long B. so long  C.,"in a much D. for as long] as you are  quiet.  In each of these questions, choose the",option nearest in meaning to the word(s),or phrase in italics.,
51. The witness averred that she had seen,Dosun at the scene of the crime A. argued B.,confirmed C. denied D.  affirmed,,
52. The high cost of living these days calls for  a,lot of Frugality A. extravagance B. economy C.,recklessness D.  prudence.,,
53. Tunde's reaction underscores the points  I,was making. A. justifies B. summarizes C.,emphasizes D.  clarifies,,
54. Everyone admired the manager's adroit,handling of the crisis in the company A.,emphasised B. skillful C. tactless D.  clumsy,,
55. The principal took exception to the ignoble,role the teacher plays d in the matter A.,embarrassing B. honourable C.  extraordinary,D. dishonourable,"In each of these questions, choose the"
56. key A. sit B. bet C seat D.  tread,,,,
57. taught A. law B. aunt count D.  plateau,"In each of these questions, choose  the",appropriate stress Item from the options. The,syllables are written in capital letters.,
58. comfortable A. COMfortable B.,comFORtable C. comfortaBLE D.  comforTABLE,,,
59. incapacitate A. inCApacitate B.  incaPAcitate,C. INcapacitate D. incapaciTATE.,,,
60. encouragement A. Encouragement B.,enCOUragement C. encouRAgement D.,encouragement  ANSWERS KEY,,
1. C,,,,
2. B,,,,
3. B,,,,
4. D,,,,
5. A,,,,
6. A,,,,
7. B,,,,
8. A,,,,
9. B,,,,
10. C,,,,
11. A,,,,
12. A,,,,
13. C,,,,
14. C,,,,
15. C,,,,
16. D,,,,
17. D,,,,
18. C,,,,
19. B,,,,
20. A,,,,
21. C,,,,
22. C,,,,
23. D,,,,
24. C,,,,
25. A,,,,
26. B,,,,
27. C,,,,
28. C,,,,
29. C,,,,
30. A 31. B,,,,
32. D,,,,
33. A,,,,
34. B,,,,
35. D,,,,
36. C,,,,
37. D,,,,
38. A,,,,
39. A,,,,
40. B,,,,
41. B,,,,
42. B,,,,
43. D,,,,
44. B,,,,
45. C,,,,
46. A,,,,
47. A,,,,
48. B,,,,
49. D,,,,
50. A,,,,
51. C,,,,
52. A,,,,
53. D,,,,
54. B,,,,
55. B,,,,
56. A,,,,
57. A,,,,
58. A,,,,
59. B,,,,
